,Variables,Random_State,R_2_Train,R_2_Test,Mean_Squared_Error,Mean_Absolute_Error
0,contains_contacts_page,0,0.01456929853271094,0.010119403915334724,0.21375310525148308,0.4258654439622488
1,contains_contacts_page,1,0.0134524407987473,0.014729391841294515,0.21374214742689052,0.42846534068535025
2,contains_contacts_page,2,0.01793629271745245,-0.0033928844826491833,0.21379074252171906,0.4263011437528169
3,contains_contacts_page,3,0.014134100620012746,0.010794100583335853,0.21376283254030565,0.42553910166733605
4,contains_contacts_page,4,0.014705432542554853,0.008370920007690796,0.21375359247386055,0.4287094101083664
5,contains_contacts_page,5,0.015554991896027048,-0.004638575315781379,0.2138454883812527,0.43066694713670145
6,contains_contacts_page,6,0.012098961641996864,0.019477702920765227,0.21376090964797548,0.42917204414366034
7,contains_contacts_page,7,0.015702719604539284,0.006501343644969015,0.2137470757884165,0.4269232495432752
8,contains_contacts_page,8,0.012569828116675619,0.018114371595249423,0.2137524047542106,0.42893091346526974
9,contains_contacts_page,9,0.017283979070804034,-0.000655064889048429,0.21377817453879994,0.4273186999799508
10,contains_contacts_page,10,0.018070110999702016,-0.005104788683773842,0.21381008584547145,0.42504157519113156
11,contains_contacts_page,11,0.01303927743525668,0.016093998094587225,0.21375266153029213,0.4263363637430696
12,contains_contacts_page,12,0.008699029189009,0.02963427278123343,0.21388179378416608,0.42750963231910427
13,contains_contacts_page,13,0.013000670341299148,0.012015967997471066,0.21378546612161128,0.4301602589127134
14,contains_contacts_page,14,0.014978326085170579,0.00918115763066063,0.21374631821944837,0.4262750358331994
15,contains_contacts_page,15,0.014825482464007833,0.010203973536771493,0.2137386334173592,0.42708458031881424
16,contains_contacts_page,16,0.011753880927257931,0.021626658612572958,0.21375783112180805,0.4286216201320999
17,contains_contacts_page,17,0.011362705806803652,0.022939254755492744,0.213767308130253,0.4274110706525541
18,contains_contacts_page,18,0.012562287484898516,0.018824868039335585,0.2137462638987388,0.42848240604405025
19,contains_contacts_page,19,0.014773376770027769,0.007225423503062878,0.21376503955155332,0.4291238475708147
20,contains_contacts_page,20,0.01195553418542561,0.017827848338181296,0.21378903369238592,0.43018004575395075
21,contains_contacts_page,21,0.01588498813139627,0.0046316071855980745,0.21375414849932933,0.426220298947101
22,contains_contacts_page,22,0.015528934652811799,0.007246094596605079,0.21374507425233902,0.42691777924963903
23,contains_contacts_page,23,0.013841932765176979,-0.0004978690689509957,0.21386360255273357,0.42342253275981
24,contains_contacts_page,24,0.012675530107302935,0.01791752041802508,0.21374931600418517,0.42678733023579357
25,contains_contacts_page,25,0.016921857464031187,-0.0026248056372379924,0.21381289861563613,0.424319538354575
26,contains_contacts_page,26,0.015808552642034512,-0.002484803655881329,0.21380848702289623,0.42979534410902354
27,contains_contacts_page,27,0.011062758277900264,0.007257570382042777,0.21391626349773488,0.4238733877414479
28,contains_contacts_page,28,0.017051752938905596,0.00025257325914906925,0.21377135794840593,0.4271769023900947
29,contains_contacts_page,29,0.012166263898505503,0.011993865593806885,0.21382254076543772,0.42481611968912436
30,contains_contacts_page,30,0.013634672634920242,0.008933080458670806,0.21378995126760722,0.4248942773774155
31,contains_contacts_page,31,0.010169107332382965,0.02746478046643963,0.21379900760975523,0.42833041727692966
32,contains_contacts_page,32,0.014190831474886867,0.012783340576602464,0.21373574367509632,0.42727319034235733
33,contains_contacts_page,33,0.014009700202007536,0.007577814868756971,0.21379137749595814,0.430135874380695
34,contains_contacts_page,34,0.01836642979054548,-0.010200611071825794,0.21383350615927627,0.42843380269236964
35,contains_contacts_page,35,0.012644112506918992,0.006531618891112978,0.21385006584589195,0.42405753507359417
36,contains_contacts_page,36,0.014804855066781641,0.005440451977634098,0.21377449844115393,0.4294134858270855
37,contains_contacts_page,37,0.013160532920551082,0.01545026925753512,0.2137457303699308,0.428685376890272
38,contains_contacts_page,38,0.010538592422640991,0.026209463196299243,0.21378715775669005,0.4287379793597247
39,contains_contacts_page,39,0.017419522212734906,-0.008993242721469175,0.21384343148046908,0.4237275447759722
40,contains_contacts_page,40,0.01879671242096015,-0.014925229394151307,0.21387906728240735,0.42920327963424965
41,contains_contacts_page,41,0.018561434283092648,-0.006359819886682105,0.21380921074655984,0.425903042855661
42,contains_contacts_page,42,0.013429794077391533,0.01554753847312218,0.21374239360869055,0.4267021601004872
43,contains_contacts_page,43,0.014292772444946422,-0.019658819833376473,0.21397624240972185,0.4329507356727489
44,contains_contacts_page,44,0.0140114183002098,0.013496113731442216,0.21373578416651798,0.4272123730403029
45,contains_contacts_page,45,0.011176123014296602,0.022169897819629525,0.2137901488488138,0.4298857151486165
46,contains_contacts_page,46,0.008025595388489126,0.03319789424268904,0.21391472949346357,0.4282956100007676
47,contains_contacts_page,47,0.01593564306959039,0.005512063850221183,0.21375013164442758,0.4269667651703901
48,contains_contacts_page,48,0.00977726220071573,0.027952306299201646,0.21382128054722802,0.42761754736979113
49,contains_contacts_page,49,0.012672033297414953,0.01701173526667299,0.21375788117023545,0.4263382491170297
0,contains_business_name,0,0.0050783804032557,-0.008847288171168755,0.21622914460215012,0.43075161582211313
1,contains_business_name,1,0.004201309245148388,-0.004938181096568739,0.21618880099457832,0.43300072381187527
2,contains_business_name,2,0.002742411964713032,0.002813840385615718,0.21614830534781834,0.4319639067090112
3,contains_business_name,3,0.0038833345382683904,-0.003911719838816774,0.21618252660775414,0.4305746163189893
4,contains_business_name,4,0.004076067018332408,-0.005544300264867852,0.21619477126328077,0.4336789149786642
5,contains_business_name,5,0.0025681800358802187,-0.007116553979460205,0.2162318664657224,0.4356732656736151
6,contains_business_name,6,0.0026745463933681712,0.001561990126874302,0.21616162729619084,0.4336871962248654
7,contains_business_name,7,0.002121211970176007,0.005225487127178519,0.21615731221070453,0.43248610669567117
8,contains_business_name,8,0.004895464809049677,-0.008598331600294662,0.21622306257637816,0.433235485004114
9,contains_business_name,9,0.0027263881770955845,0.0029902101560576044,0.21614759368389427,0.43248862710096214
10,contains_business_name,10,0.0024786021647643652,0.0024193140246571154,0.21616212637238247,0.43108462733405295
11,contains_business_name,11,0.002895135366310253,0.0013093254661157294,0.21615634196715766,0.4311880514728463
12,contains_business_name,12,0.003998055575397674,-0.003914458493387674,0.21618163525457473,0.4307821967447162
13,contains_business_name,13,0.0027882639004935816,-0.0029195876757361905,0.21619166476509427,0.4347104864034156
14,contains_business_name,14,0.0025820747304887703,0.003175672681053454,0.2161525244781567,0.4315640785319396
15,contains_business_name,15,0.0020403520850391654,0.005486561320962813,0.21616001231879084,0.4324952580041019
16,contains_business_name,16,0.002594806367570812,0.0027490353491037567,0.216156947519228,0.4334187893744872
17,contains_business_name,17,0.002030198931218141,0.005066681383312566,0.21616490187918977,0.43156638897555677
18,contains_business_name,18,0.0023137168178140044,0.004188782622409848,0.21615530038145941,0.43307707066481077
19,contains_business_name,19,0.0020872102585974828,0.002245067236545384,0.21619124366258344,0.4345296376311884
20,contains_business_name,20,0.003142129616920175,-0.0026479187069456955,0.2161835607723451,0.43433555490503084
21,contains_business_name,21,0.0018646984055920024,0.004371538324224877,0.21618119302951921,0.4312157103232286
22,contains_business_name,22,0.0014769771073852578,0.00695817179530811,0.21619153018933793,0.4323008723988834
23,contains_business_name,23,0.0027274793087119775,-0.012137022121920582,0.21629078253829237,0.4279530288777381
24,contains_business_name,24,0.0018910185748436392,0.005183073376315073,0.21617255109540082,0.4316129074656271
25,contains_business_name,25,0.0021871554849461905,0.0005252611898729498,0.21619848513762838,0.43002836675042944
26,contains_business_name,26,0.004102864649490279,-0.011680975092642765,0.21624026498408425,0.43490007981427015
27,contains_business_name,27,0.003164510548704813,-0.015381746878756708,0.21630895065454264,0.427617437492028
28,contains_business_name,28,0.0027069292121688626,0.0029281107843148746,0.2161488178381032,0.43274538426186093
29,contains_business_name,29,0.002267415842076348,-0.003494101682640416,0.21622039087365158,0.4294876375916896
30,contains_business_name,30,0.0022511337953514676,-0.0013566229697135057,0.2162051879193911,0.4298470764277761
31,contains_business_name,31,0.0013542058493010156,0.00723075057231759,0.216202675886973,0.4328773911239945
32,contains_business_name,32,0.00199502738038404,0.005578418792596906,0.21616187633899941,0.4322154012137732
33,contains_business_name,33,0.0029788294144214023,-0.003985032572104696,0.2162021442183154,0.43493914997141286
34,contains_business_name,34,0.0017000558426354395,0.00286868724044842,0.21620635641823532,0.43459332000600165
35,contains_business_name,35,0.003314615492485906,-0.011549133625872843,0.21627152570739264,0.42819958276579523
36,contains_business_name,36,0.0018125657676446583,0.001743796581437862,0.21620361486264417,0.4346967974629564
37,contains_business_name,37,0.003937172957139468,-0.004205248178796417,0.2161848233354237,0.43352088389830307
38,contains_business_name,38,0.0034883590439760415,-0.00043466549511039787,0.21615760723453598,0.43250862692184844
39,contains_business_name,39,0.0026248746638709575,-0.006067512844531331,0.2162331253085313,0.42898246774265664
40,contains_business_name,40,0.005695870516096768,-0.01815458075433396,0.21630947852929888,0.43419998374267416
41,contains_business_name,41,0.002534808954029133,0.003389811193573955,0.21615129392761476,0.4318023943131559
42,contains_business_name,42,0.00353629443149428,-0.0005977362152973509,0.2161600998670248,0.4315609040870379
43,contains_business_name,43,0.0025236099931001954,-0.027907298481130605,0.21638183401402342,0.43791005851793197
44,contains_business_name,44,0.0010305462879007798,0.0076129215900746505,0.21624034686115937,0.4325329206040744
45,contains_business_name,45,0.004646803467883598,-0.008489350474633506,0.21621884459877538,0.43345145851278666
46,contains_business_name,46,0.0026531114301988623,0.003273865944006915,0.21614823486346194,0.43202618445623986
47,contains_business_name,47,0.004015516076400494,-0.00263616603241168,0.21616958798093341,0.43203495823599075
48,contains_business_name,48,0.0024911280244613865,0.0035378973153379345,0.21615234326598623,0.4317291189705419
49,contains_business_name,49,0.0014362072040777774,0.00538326471626438,0.21621008417572887,0.43127630118271226
0,contains_business_name_in_copyright,0,0.0,-0.0010765956703226998,0.2167612284502515,0.43237753961408465
1,contains_business_name_in_copyright,1,0.0,-0.0011814928883291387,0.21676172541318198,0.43465822967769063
2,contains_business_name_in_copyright,2,0.0,-0.00016764492619958382,0.21675316415060328,0.43306174663316643
3,contains_business_name_in_copyright,3,0.0,-0.002109691869868646,0.21677051578741088,0.43192140160136344
4,contains_business_name_in_copyright,4,0.0,-0.002320775807253872,0.2167712115355136,0.4351143676904118
5,contains_business_name_in_copyright,5,0.0,-0.010994405875353275,0.21684044512399162,0.43693891974129667
6,contains_business_name_in_copyright,6,0.0,-0.001702120888308345,0.2167660773606084,0.43488629868405126
7,contains_business_name_in_copyright,7,0.0,-1.8194668438553663e-07,0.2167516990882318,0.4335178846458876
8,contains_business_name_in_copyright,8,0.0,-0.0011814928883291387,0.21676172541318198,0.43465822967769063
9,contains_business_name_in_copyright,9,0.0,-5.1204541883009824e-05,0.2167521398982643,0.4337459536522483
10,contains_business_name_in_copyright,10,0.0,-0.0015510366316839885,0.2167654810050918,0.4321494706077242
11,contains_business_name_in_copyright,11,0.0,-0.0010765956703226998,0.2167612284502515,0.43237753961408465
12,contains_business_name_in_copyright,12,0.0,-0.0015510366316839885,0.2167654810050918,0.4321494706077242
13,contains_business_name_in_copyright,13,0.0,-0.005806840614975162,0.2167995705099222,0.4360266437158542
14,contains_business_name_in_copyright,14,0.0,-0.00038394777797656765,0.21675507002300723,0.4328336776268059
15,contains_business_name_in_copyright,15,0.0,-1.8194668460758123e-07,0.2167516990882318,0.4335178846458876
16,contains_business_name_in_copyright,16,0.0,-0.0007574449919347526,0.21675815569323442,0.43443016067133
17,contains_business_name_in_copyright,17,0.0,-0.00038394777797656765,0.21675507002300723,0.4328336776268059
18,contains_business_name_in_copyright,18,0.0,-0.0004285906272591955,0.21675536820076552,0.4342020916649694
19,contains_business_name_in_copyright,19,0.0,-0.003038966983657021,0.2167771279378975,0.4353424366967725
20,contains_business_name_in_copyright,20,0.0,-0.003858268680033028,0.2167838265677603,0.435570505703133
21,contains_business_name_in_copyright,21,0.0,-0.0015510366316839885,0.2167654810050918,0.4321494706077242
22,contains_business_name_in_copyright,22,0.0,-3.936732337184168e-05,0.21675204050567817,0.4332898156395271
23,contains_business_name_in_copyright,23,0.0,-0.015112630207505973,0.21689194691858563,0.4291845735250364
24,contains_business_name_in_copyright,24,0.0,-0.0006872560749857648,0.21675775812289,0.43260560862044534
25,contains_business_name_in_copyright,25,0.0,-0.004282688054177308,0.21679031349924086,0.43123719458228177
26,contains_business_name_in_copyright,26,0.0,-0.008180483774770098,0.21681844336199932,0.43648278172857535
27,contains_business_name_in_copyright,27,0.0,-0.0167027220842193,0.21690715065812902,0.4289565045186758
28,contains_business_name_in_copyright,28,0.0,-0.00019360130100087858,0.2167533629357755,0.4339740226586088
29,contains_business_name_in_copyright,29,0.0,-0.00831218580278792,0.21682766163305064,0.4303249185568394
30,contains_business_name_in_copyright,30,0.0,-0.0061379740271527705,0.21680742311118809,0.4307810565695606
31,contains_business_name_in_copyright,31,0.0,-5.1204541883009824e-05,0.2167521398982643,0.4337459536522483
32,contains_business_name_in_copyright,32,0.0,-3.936732337184168e-05,0.21675204050567817,0.4332898156395271
33,contains_business_name_in_copyright,33,0.0,-0.00580684061497494,0.2167995705099222,0.4360266437158542
34,contains_business_name_in_copyright,34,0.0,-0.003858268680033028,0.2167838265677603,0.435570505703133
35,contains_business_name_in_copyright,35,0.0,-0.01216107332735139,0.2168638861219353,0.4296407115377576
36,contains_business_name_in_copyright,36,0.0,-0.004780322612259802,0.2167913074251019,0.43579857470949357
37,contains_business_name_in_copyright,37,0.0,-0.001702120888308567,0.2167660773606084,0.43488629868405126
38,contains_business_name_in_copyright,38,0.0,-0.00019360130100087858,0.2167533629357755,0.4339740226586088
39,contains_business_name_in_copyright,39,0.0,-0.009517358958775368,0.2168389542352001,0.4300968495504789
40,contains_business_name_in_copyright,40,0.0,-0.005806840614975162,0.2167995705099222,0.4360266437158542
41,contains_business_name_in_copyright,41,0.0,-0.00038394777797656765,0.21675507002300723,0.4328336776268059
42,contains_business_name_in_copyright,42,0.0,-0.00016764492619936178,0.21675316415060328,0.43306174663316643
43,contains_business_name_in_copyright,43,0.0,-0.03229957158105612,0.21699738758268025,0.43921960980490243
44,contains_business_name_in_copyright,44,0.0,-3.936732337184168e-05,0.21675204050567817,0.4332898156395271
45,contains_business_name_in_copyright,45,0.0,-0.002320775807254094,0.2167712115355136,0.4351143676904118
46,contains_business_name_in_copyright,46,0.0,-3.936732337184168e-05,0.21675204050567817,0.4332898156395271
47,contains_business_name_in_copyright,47,0.0,-3.936732337184168e-05,0.21675204050567817,0.4332898156395271
48,contains_business_name_in_copyright,48,0.0,-0.00038394777797656765,0.21675507002300723,0.4328336776268059
49,contains_business_name_in_copyright,49,0.0,-0.0015510366316839885,0.2167654810050918,0.4321494706077242
0,contains_social_media_links,0,0.0077487088480221455,-0.0025636650554423657,0.21549058829791987,0.42936476484531433
1,contains_social_media_links,1,0.0047629973730132225,0.009511727899126132,0.2154779909890039,0.4322090657666128
2,contains_social_media_links,2,0.008473201100847594,-0.005103709617762409,0.215502894390352,0.430104003629897
3,contains_social_media_links,3,0.006654616791116896,0.0010723534447616423,0.2154834147233452,0.4289920693385584
4,contains_social_media_links,4,0.005336040524474672,0.0062878623718393145,0.21547751408364307,0.43259848411600754
5,contains_social_media_links,5,0.005558294766211502,-0.003267805174602012,0.21555017737635,0.434506331377015
6,contains_social_media_links,6,0.004577533213088958,0.00969823959493099,0.21548609358701476,0.43244005759474025
7,contains_social_media_links,7,0.005101954229295713,0.009307511529569434,0.21546347921749168,0.4311435966912246
8,contains_social_media_links,8,0.005406837589287505,0.007143949793194326,0.21546620476801578,0.4320328520633192
9,contains_social_media_links,9,0.0046979822862111,0.010699668354572811,0.2154725094051309,0.4313482153043118
10,contains_social_media_links,10,0.0042330032234141335,0.010342774585050618,0.21550797980459807,0.4297416850082051
11,contains_social_media_links,11,0.007748708848022257,-0.0025636650554423657,0.21549058829791987,0.42936476484531433
12,contains_social_media_links,12,0.002886917528223676,0.013706273380910683,0.21559051484819314,0.43044970310055686
13,contains_social_media_links,13,0.00555851602784152,0.002109657489558159,0.21549866619429822,0.4333403771271414
14,contains_social_media_links,14,0.008366087880631201,-0.00480851155182882,0.21550328963843263,0.4296604483775534
15,contains_social_media_links,15,0.006919680909935444,0.00204013429347627,0.21546341789970408,0.4307170038585069
16,contains_social_media_links,16,0.004465154109605574,0.010894417431304038,0.21548421519867395,0.43208894220784133
17,contains_social_media_links,17,0.004695314166294651,0.010209712169274687,0.21547849662674481,0.43033818416587843
18,contains_social_media_links,18,0.005301908203918071,0.008230685344772892,0.2154625483524014,0.43163649944991983
19,contains_social_media_links,19,0.005095543005452119,0.006454401552883127,0.2154892627774411,0.4329752287084818
20,contains_social_media_links,20,0.006154637998000978,0.0011819145151443777,0.21549696774766092,0.43318735791256036
21,contains_social_media_links,21,0.005224347730595658,0.007311973972913832,0.21547178613027848,0.42995552535068055
22,contains_social_media_links,22,0.007805023794423049,-0.001935494325624454,0.21548270433612618,0.43027868468981245
23,contains_social_media_links,23,0.0067967280910851136,-0.011898013755695214,0.21558868698359482,0.426630263465871
24,contains_social_media_links,24,0.006449136895305796,0.003382982889674313,0.21546489289871854,0.429838314407837
25,contains_social_media_links,25,0.012197746480927973,-0.02730589341477918,0.2157354153736961,0.42727774143481984
26,contains_social_media_links,26,0.008318580732085357,-0.013175837915825772,0.21556047725860267,0.43321314592466864
27,contains_social_media_links,27,0.0025574363498572783,-0.0013629105917838391,0.2157598773308878,0.4274869209043627
28,contains_social_media_links,28,0.007331856153401817,-4.033169583461671e-05,0.21547282867610618,0.4310879095002298
29,contains_social_media_links,29,0.005864683982798824,-0.0016309724240013423,0.2155209701406091,0.42802687774016374
30,contains_social_media_links,30,0.00533214396906867,0.0021741699267132653,0.21551765278165716,0.4283226424658702
31,contains_social_media_links,31,0.0033698780961295416,0.014575779150799884,0.2155356756462584,0.4316399224688643
32,contains_social_media_links,32,0.004913076341647726,0.009894915798407844,0.21546849736989396,0.4307192310828274
33,contains_social_media_links,33,0.007884887721544165,-0.009060857232367159,0.21555094620630227,0.43344108511855184
34,contains_social_media_links,34,0.004319650277259335,0.008511197904229162,0.21551309022663673,0.43327610597160865
35,contains_social_media_links,35,0.0036156227253009154,0.0011667845507545849,0.21563405159369806,0.42768606525484965
36,contains_social_media_links,36,0.008099078175543895,-0.008646019264067606,0.2155325556970259,0.43275276419641157
37,contains_social_media_links,37,0.007413534109372399,-0.0020465286517927783,0.21548714663262394,0.4319409528085597
38,contains_social_media_links,38,0.006078745151166021,0.005397337092535426,0.21545679600711135,0.43119461329386727
39,contains_social_media_links,39,0.005335165939947761,-0.0010575703803594738,0.21554124523827406,0.4278131078634455
40,contains_social_media_links,40,0.006342737485366734,-0.0013673389499857524,0.21550439967580395,0.43331264626107496
41,contains_social_media_links,41,0.00821238788030254,-0.004095795523231471,0.21549856928250666,0.42967021259436167
42,contains_social_media_links,42,0.007945256635946585,-0.002683289277957579,0.21548841984536185,0.4299485018730493
43,contains_social_media_links,43,0.004909997797148846,-0.020938111541056292,0.21569271362952377,0.4366316792786046
44,contains_social_media_links,44,0.004556766668109669,0.011110792615372955,0.21547727182396798,0.4310471497736217
45,contains_social_media_links,45,0.004846355629211541,0.008153113059075179,0.2154846591440791,0.43265642062972287
46,contains_social_media_links,46,0.005570774586773575,0.007495879983129727,0.21545903667471744,0.43053641715693935
47,contains_social_media_links,47,0.010618648519727159,-0.01578124322647323,0.21559822888812302,0.43002117569530884
48,contains_social_media_links,48,0.002861569589117763,0.015008933107801825,0.21558477220932065,0.43082764075017616
49,contains_social_media_links,49,0.006015310205114477,0.004169009187644845,0.21547509672130252,0.4293127012596503
0,contains_reviews_page,0,0.000244452786517968,0.0008566980196463847,0.21663353430374563,0.4321478900219193
1,contains_reviews_page,1,0.00029531818798123055,0.000856306734571266,0.21662381707775633,0.4344916376706384
2,contains_reviews_page,2,0.0002158502892238845,0.0018534896132833545,0.21662745137031858,0.43289876379237663
3,contains_reviews_page,3,0.0002629062515867586,-0.00013933732551674183,0.21663743677310462,0.43173741896117407
4,contains_reviews_page,4,0.0005695504133289564,-0.0009315893455561497,0.21661336301070883,0.4347421099619652
5,contains_reviews_page,5,0.00024374458045983705,-0.008820120257274633,0.21670982119152524,0.4367597433351769
6,contains_reviews_page,6,0.003025055341686844,-0.014446674531908732,0.21677635605337744,0.4342111960579787
7,contains_reviews_page,7,0.0013603420763887986,-0.0023805980329338894,0.21661904352582814,0.43323704918939154
8,contains_reviews_page,8,0.0012398108281604925,-0.00289139505272229,0.2166181596514589,0.4342461539782106
9,contains_reviews_page,9,0.0002097325240255632,0.0019767415332870852,0.2166281761306314,0.4335645893261363
10,contains_reviews_page,10,0.0004272645558541788,0.00018447149850653322,0.21661479388226418,0.4319383484161952
11,contains_reviews_page,11,0.000861674202175422,-0.0008853773959986988,0.21660415432628688,0.4320110955849506
12,contains_reviews_page,12,0.0021719444105948726,-0.008261046051431409,0.21668928409641516,0.43162037289713323
13,contains_reviews_page,13,0.00116933085943971,-0.00712672912894563,0.2166488971712096,0.4355579499151285
14,contains_reviews_page,14,0.0005880322172981955,0.0008800420286779742,0.21659794849387506,0.43257171767702024
15,contains_reviews_page,15,0.0001875378559965668,0.0020114693243450388,0.21663195559834378,0.43335416796655074
16,contains_reviews_page,16,0.0010251576337824142,-0.0014191274695887213,0.2166078538519415,0.43413859604702204
17,contains_reviews_page,17,0.0008624422960274991,-0.00019151724065569198,0.2165975572901096,0.43255017646604305
18,contains_reviews_page,18,0.000821522094610283,-5.5032580254632535e-05,0.2165964874355948,0.43379502464962166
19,contains_reviews_page,19,0.00020746841996799326,-0.0009383855386748685,0.21665301055381728,0.43516140196054776
20,contains_reviews_page,20,0.000575452653951869,-0.0024886899264675577,0.21662612193775213,0.43524204104494246
21,contains_reviews_page,21,0.0006166336832852393,-0.00041806102490093977,0.21660892734554438,0.4318327282802942
22,contains_reviews_page,22,0.0011204421448780533,-0.0010511252625464707,0.21660202407262463,0.4328617135711472
23,contains_reviews_page,23,3.774460510064248e-05,-0.013886200360734957,0.2168286578038463,0.42911360446409097
24,contains_reviews_page,24,0.0008286794179296342,-0.00035777086291322036,0.2166001604097443,0.4322460560162254
25,contains_reviews_page,25,3.376704707525047e-05,-0.003042924440590289,0.21672865589726448,0.4311813102147356
26,contains_reviews_page,26,0.0008957712386339356,-0.008427850023206007,0.21667113430625481,0.4362804049355748
27,contains_reviews_page,27,0.001748928456637433,-0.020654586867137725,0.21679430960175966,0.42843877873131636
28,contains_reviews_page,28,0.0003174496977549346,0.0017696812662735262,0.21661380252985626,0.43373587176272455
29,contains_reviews_page,29,0.0015799972608143698,-0.011516817455030193,0.2167041959269687,0.42977638909927285
30,contains_reviews_page,30,0.0009451942243503542,-0.006282098813776837,0.21665218518045493,0.4304072939794411
31,contains_reviews_page,31,0.0007348279798419233,0.0006451545422420102,0.2165945269414342,0.4335556318388922
32,contains_reviews_page,32,0.0001601824571368926,0.0019583163710101825,0.21663731284793913,0.4331675066882772
33,contains_reviews_page,33,0.001004843781963305,-0.006293891021221354,0.2166434281498729,0.43560098594719915
34,contains_reviews_page,34,0.0007037899011124171,-0.0029837616721710702,0.21662426477358013,0.43522203172065066
35,contains_reviews_page,35,0.00038191995282876867,-0.01044914669362429,0.2167199582384683,0.42939294987358484
36,contains_reviews_page,36,0.00014391519016099252,-0.0027374720937778374,0.21668150247445164,0.4356544178650037
37,contains_reviews_page,37,0.0004241912021627492,9.019534322585177e-05,0.2166163955343399,0.43463349467102785
38,contains_reviews_page,38,0.001455840694190913,-0.0030022192730478903,0.21662114680970215,0.4335066506893201
39,contains_reviews_page,39,0.0006112987124256009,-0.00838212800696736,0.2166826619483004,0.4297967713337432
40,contains_reviews_page,40,0.0010987461354042827,-0.0068620799910241725,0.21665037118564665,0.4356469786885399
41,contains_reviews_page,41,0.0001923943540760309,0.0016272476707320793,0.216633530996022,0.43268780045200406
42,contains_reviews_page,42,0.001069403853401929,-0.0009653574467203274,0.21660300678723893,0.432803314171003
43,contains_reviews_page,43,0.0006239470892867027,-0.030940540693472185,0.2168348153184444,0.4388679333739372
44,contains_reviews_page,44,0.0014920882688741477,-0.0030263139936048677,0.2166236549995144,0.43287208864172344
45,contains_reviews_page,45,0.0005692507056886953,-0.0009602861845949828,0.21661462122562608,0.4348213615302216
46,contains_reviews_page,46,0.0006556094544165614,0.0009928229293896251,0.2165935399476124,0.43307225437254654
47,contains_reviews_page,47,0.00038065416445298705,0.001784389912182549,0.21660669832800805,0.43302944241335006
48,contains_reviews_page,48,0.0015804301826106704,-0.0038089665673435302,0.21663225434050723,0.4324042183429377
49,contains_reviews_page,49,0.0008813499531458158,-0.0014110516975796017,0.21660742019746312,0.4318805530754003
0,contains_zipCode,0,0.0004427926769822177,0.0006521328142427008,0.21660837672856792,0.43210945095189107
1,contains_zipCode,1,0.0012672941712770225,-0.0030218932189327585,0.21661890466847364,0.43425638698746366
2,contains_zipCode,2,0.0007831867649421564,0.0005560910128361574,0.21658601090797058,0.43272516207821066
3,contains_zipCode,3,0.001019353240202192,-0.0023445410993532256,0.21660555486967853,0.4314929648587667
4,contains_zipCode,4,0.00022838884916986935,4.349754201160572e-06,0.21663361868535183,0.43494360245449354
5,contains_zipCode,5,0.0008549730274184375,-0.010492011433228976,0.2166696546666471,0.4365420595760436
6,contains_zipCode,6,0.0007349184921789931,-0.0007815819019489911,0.21659898790428664,0.434558888495159
7,contains_zipCode,7,0.0004194899603791047,0.0018201391256442712,0.21660003329020583,0.4332562507668929
8,contains_zipCode,8,0.00039697675013516953,0.0007320581260206183,0.21661136861254837,0.43440305058189466
9,contains_zipCode,9,0.0007648350824710493,0.000745612596713241,0.21658498107232535,0.43341280948456634
10,contains_zipCode,10,1.627131741055443e-05,-0.0028720629845049306,0.21682134573325731,0.43219474058637347
11,contains_zipCode,11,0.0008018454395869457,-0.00042525283396610547,0.21659411619473212,0.4320375146718551
12,contains_zipCode,12,0.0008081340444117124,-0.0009236951961923978,0.21659839027945632,0.4318082988697365
13,contains_zipCode,13,0.0013774989710806373,-0.007854626949752141,0.21664238269559566,0.43554985039689653
14,contains_zipCode,14,0.0009879569049722203,-0.0004870525575928486,0.21658883628460068,0.4324109820800898
15,contains_zipCode,15,0.002190571626413562,-0.006715346836215108,0.216663045550228,0.4329543778803292
16,contains_zipCode,16,0.0007467857123241162,0.00011328362710660844,0.21659102668779665,0.4341004568909218
17,contains_zipCode,17,0.0002586836059907949,0.00185551931449357,0.21661205304912087,0.43265288423106013
18,contains_zipCode,18,9.330691464315422e-05,0.0018599358474371552,0.21664118666575943,0.43411009143216533
19,contains_zipCode,19,0.0009051156433781404,-0.002775828116186929,0.21660788184851026,0.4349355294387282
20,contains_zipCode,20,0.0013952609948100214,-0.005972131697600025,0.21662761561109217,0.43509113047089576
21,contains_zipCode,21,0.002258797856478534,-0.008425287344851151,0.2166816146074567,0.43157908306761805
22,contains_zipCode,22,0.00025243959199439114,0.002216650782431162,0.2166100847851222,0.43311102787574685
23,contains_zipCode,23,0.0008931228043335127,-0.014793749142586465,0.2167254940532704,0.42882849344219565
24,contains_zipCode,24,0.0004380680696697281,0.0010596835706827568,0.2166051337400392,0.43233881091489146
25,contains_zipCode,25,0.001385888250408085,-0.0064741339285689925,0.2166513330613398,0.43082030965231355
26,contains_zipCode,26,0.0002112993169474109,-0.005799889572713379,0.21668424641455952,0.43631803338855357
27,contains_zipCode,27,0.00011556035576443247,-0.014899072173474304,0.2168036581353114,0.42882849344219565
28,contains_zipCode,28,9.486229656796574e-05,0.002098158272602846,0.21663835685106558,0.43388130702741584
29,contains_zipCode,29,0.0014189701270616029,-0.010599872564019952,0.21668981724118383,0.42990402236294023
30,contains_zipCode,30,0.0015925703006257619,-0.008955061213409499,0.21666265805221302,0.4302745712478881
31,contains_zipCode,31,0.0002462889548098257,0.0022216356410773574,0.21661125721674596,0.43356917152043356
32,contains_zipCode,32,1.9968366163580775e-05,-0.0015524046513804013,0.21681446213849662,0.43334009969809023
33,contains_zipCode,33,0.0013774989710809704,-0.00785462694975192,0.21664238269559566,0.43554985039689653
34,contains_zipCode,34,0.00022260333861834347,-0.001515038313234296,0.21664735389946518,0.4354017460991803
35,contains_zipCode,35,9.421790560737442e-06,-0.013100325989156003,0.21690558494542417,0.4296749505405969
36,contains_zipCode,36,0.0012295975269626114,-0.006505826308815799,0.2166473538994652,0.4354017460991803
37,contains_zipCode,37,0.0007349184921789931,-0.0007815819019489911,0.21659898790428667,0.434558888495159
38,contains_zipCode,38,0.00041039097575601424,0.001663786762047037,0.21660220596785829,0.4337149706928936
39,contains_zipCode,39,0.00010484213334316372,-0.007727209645609356,0.21673904884375664,0.4299745724527883
40,contains_zipCode,40,0.00021690708796751057,-0.0034451290685553193,0.2166642298092011,0.4358598897438668
41,contains_zipCode,41,0.0015055315334572272,-0.002896233921730218,0.21660513374003923,0.43233881091489135
42,contains_zipCode,42,0.0005866526097092484,0.0013454903751409786,0.21658550325236925,0.43280962515155874
43,contains_zipCode,43,0.0006285355122563896,-0.030873694978815758,0.21683145862735617,0.4389139887354111
44,contains_zipCode,44,1.9968366163580775e-05,-0.0015524046513804013,0.21681446213849662,0.43334009969809023
45,contains_zipCode,45,0.0014131960334075044,-0.004500734495592518,0.21661599712830149,0.4346324105448951
46,contains_zipCode,46,0.000582045073570403,0.0014893085573784992,0.21658466406429303,0.4330385531748924
47,contains_zipCode,47,0.000424086744841623,0.0017625202567906895,0.2166001276770219,0.4330268908038925
48,contains_zipCode,48,0.0005912856956686863,0.0011137605450290966,0.21658712662888024,0.43258069712822517
49,contains_zipCode,49,0.0015341202511921503,-0.004164131615387978,0.21661722415691012,0.4316507310258904
0,url_contains_email,0,0.017901196021989918,0.014489482166476053,0.21298510644088367,0.4252048635952917
1,url_contains_email,1,0.01873531672761508,0.010593270017461576,0.21299680504262775,0.42661740493133443
2,url_contains_email,2,0.018068226433538226,0.014649157311667382,0.21297910558250108,0.4258441264752639
3,url_contains_email,3,0.017174098331078524,0.016245733005527452,0.21299663242645164,0.4246578704661777
4,url_contains_email,4,0.017293041745037763,0.015611543602556788,0.21299740127252315,0.4275140382540422
5,url_contains_email,5,0.019690882209764338,-0.004040261029665038,0.21309320083764885,0.4295949796083734
6,url_contains_email,6,0.01787821718477145,0.01372374436122814,0.2129955090942522,0.4274244003109046
7,url_contains_email,7,0.0184952127243726,0.013037182965287886,0.21297948508033404,0.42633222324111675
8,url_contains_email,8,0.017187093666083064,0.017161089127773255,0.2129880712226833,0.4270889721100397
9,url_contains_email,9,0.016976368302170308,0.0190869665081409,0.21297917400584093,0.42623883982203503
10,url_contains_email,10,0.015077883022678873,0.024637395824494646,0.21300472493301756,0.4244596357841697
11,url_contains_email,11,0.01728133306207269,0.016852121147922783,0.21298748696097733,0.4250834904422895
12,url_contains_email,12,0.016611311061390133,0.018909323596826955,0.21299492645880377,0.42475110831802654
13,url_contains_email,13,0.016538298632449377,0.015594663781903884,0.21301766418309978,0.4281808855120936
14,url_contains_email,14,0.017388961371669676,0.0171101070862546,0.2129816042755525,0.42550911041840134
15,url_contains_email,15,0.0166109696373401,0.020579224975923238,0.21297917017891316,0.42596629807794384
16,url_contains_email,16,0.016817659935493223,0.01910176000221675,0.212983733126376,0.426815877614136
17,url_contains_email,17,0.017700490217583464,0.015899537215556814,0.21298089955822755,0.42556989055153394
18,url_contains_email,18,0.018031229208655852,0.01439912626673745,0.21298444805866162,0.42684758285270397
19,url_contains_email,19,0.017988048947699786,0.011898954955063323,0.21300757169909915,0.4278500202870165
20,url_contains_email,20,0.01804311761757116,0.010831340473996698,0.21301482654404116,0.42806283027507236
21,url_contains_email,21,0.017531875599332114,0.015205867025332331,0.21300080045082423,0.42414259077590755
22,url_contains_email,22,0.017184070476481295,0.018250296403258037,0.212979248133327,0.4258740543386772
23,url_contains_email,23,0.018328351417021715,-0.0002926428469531839,0.21309223294348306,0.4224607585489466
24,url_contains_email,24,0.01578840262913539,0.022942855176325216,0.21299038730465378,0.42499909981404965
25,url_contains_email,25,0.01610084118221322,0.017993640291203428,0.21302463892680507,0.42384234923746383
26,url_contains_email,26,0.01793861161883792,0.006976979312603326,0.21304840757063034,0.4288514544970898
27,url_contains_email,27,0.016782867853331496,0.003290994380428902,0.21313052182817951,0.42194976236488524
28,url_contains_email,28,0.018891224900570158,0.011040115009359308,0.2129879818109708,0.42605069613531554
29,url_contains_email,29,0.015000682044264968,0.017706191054675524,0.2130775979481211,0.42282115794409536
30,url_contains_email,30,0.019054350999584968,0.005280320373741931,0.21302806364434254,0.42328139297810574
31,url_contains_email,31,0.016036065008530498,0.022866009065255266,0.21297921942521736,0.4260596950467309
32,url_contains_email,32,0.01655953460511206,0.020716028856385238,0.21298006073192421,0.42575390319389583
33,url_contains_email,33,0.018477950861609305,0.006920261380719106,0.2130349178879848,0.42855117258759756
34,url_contains_email,34,0.015797810651349997,0.02063754666235884,0.21299967880596302,0.4276372946525144
35,url_contains_email,35,0.01338218319614648,0.019108710019852593,0.21314460380728045,0.42191111909783396
36,url_contains_email,36,0.019720021353324735,0.002427910725982807,0.21303818812196057,0.4285921448931342
37,url_contains_email,37,0.017240018699459014,0.016436422758369762,0.21299232946081836,0.42730150518204074
38,url_contains_email,38,0.017028903960453534,0.01874863244665914,0.21298017794969684,0.4264513728940361
39,url_contains_email,39,0.015251463003561616,0.0156040686101937,0.21308627244574008,0.4226657903021508
40,url_contains_email,40,0.017183066414285908,0.012720864239740393,0.21302300014853803,0.42830264180247185
41,url_contains_email,41,0.018637646753603243,0.01224497795458146,0.2129793442343526,0.4257543917769004
42,url_contains_email,42,0.018068226433538337,0.014649157311667604,0.21297910558250108,0.425844126475264
43,url_contains_email,43,0.016254282010924825,-0.008108263724422748,0.21318849028807918,0.430965668002041
44,url_contains_email,44,0.018414452907300816,0.013221788111076771,0.21298508552572926,0.42534303562704634
45,url_contains_email,45,0.017933082230052855,0.012862536354216858,0.21300113254916944,0.4276372102989606
46,url_contains_email,46,0.017184070476481295,0.018250296403258037,0.212979248133327,0.4258740543386772
47,url_contains_email,47,0.01810080757449184,0.014464788115353011,0.2129852891593668,0.4252730653825938
48,url_contains_email,48,0.01583775320487435,0.023105606893964015,0.21298653291498634,0.42521121886058594
49,url_contains_email,49,0.018155388386872917,0.013088235134664283,0.2129874242052251,0.4250528629343314
0,url_contains_phone_number,0,0.0,-0.0010765956703226998,0.2167612284502515,0.43237753961408465
1,url_contains_phone_number,1,0.0,-0.0011814928883291387,0.21676172541318198,0.43465822967769063
2,url_contains_phone_number,2,0.0,-0.00016764492619958382,0.21675316415060328,0.43306174663316643
3,url_contains_phone_number,3,0.0,-0.002109691869868646,0.21677051578741088,0.43192140160136344
4,url_contains_phone_number,4,0.0,-0.002320775807253872,0.2167712115355136,0.4351143676904118
5,url_contains_phone_number,5,0.0,-0.010994405875353275,0.21684044512399162,0.43693891974129667
6,url_contains_phone_number,6,0.0,-0.001702120888308345,0.2167660773606084,0.43488629868405126
7,url_contains_phone_number,7,0.0,-1.8194668438553663e-07,0.2167516990882318,0.4335178846458876
8,url_contains_phone_number,8,0.0,-0.0011814928883291387,0.21676172541318198,0.43465822967769063
9,url_contains_phone_number,9,0.0,-5.1204541883009824e-05,0.2167521398982643,0.4337459536522483
10,url_contains_phone_number,10,0.0,-0.0015510366316839885,0.2167654810050918,0.4321494706077242
11,url_contains_phone_number,11,0.0,-0.0010765956703226998,0.2167612284502515,0.43237753961408465
12,url_contains_phone_number,12,0.0,-0.0015510366316839885,0.2167654810050918,0.4321494706077242
13,url_contains_phone_number,13,0.0,-0.005806840614975162,0.2167995705099222,0.4360266437158542
14,url_contains_phone_number,14,0.0,-0.00038394777797656765,0.21675507002300723,0.4328336776268059
15,url_contains_phone_number,15,0.0,-1.8194668460758123e-07,0.2167516990882318,0.4335178846458876
16,url_contains_phone_number,16,0.0,-0.0007574449919347526,0.21675815569323442,0.43443016067133
17,url_contains_phone_number,17,0.0,-0.00038394777797656765,0.21675507002300723,0.4328336776268059
18,url_contains_phone_number,18,0.0,-0.0004285906272591955,0.21675536820076552,0.4342020916649694
19,url_contains_phone_number,19,0.0,-0.003038966983657021,0.2167771279378975,0.4353424366967725
20,url_contains_phone_number,20,0.0,-0.003858268680033028,0.2167838265677603,0.435570505703133
21,url_contains_phone_number,21,0.0,-0.0015510366316839885,0.2167654810050918,0.4321494706077242
22,url_contains_phone_number,22,0.0,-3.936732337184168e-05,0.21675204050567817,0.4332898156395271
23,url_contains_phone_number,23,0.0,-0.015112630207505973,0.21689194691858563,0.4291845735250364
24,url_contains_phone_number,24,0.0,-0.0006872560749857648,0.21675775812289,0.43260560862044534
25,url_contains_phone_number,25,0.0,-0.004282688054177308,0.21679031349924086,0.43123719458228177
26,url_contains_phone_number,26,0.0,-0.008180483774770098,0.21681844336199932,0.43648278172857535
27,url_contains_phone_number,27,0.0,-0.0167027220842193,0.21690715065812902,0.4289565045186758
28,url_contains_phone_number,28,0.0,-0.00019360130100087858,0.2167533629357755,0.4339740226586088
29,url_contains_phone_number,29,0.0,-0.00831218580278792,0.21682766163305064,0.4303249185568394
30,url_contains_phone_number,30,0.0,-0.0061379740271527705,0.21680742311118809,0.4307810565695606
31,url_contains_phone_number,31,0.0,-5.1204541883009824e-05,0.2167521398982643,0.4337459536522483
32,url_contains_phone_number,32,0.0,-3.936732337184168e-05,0.21675204050567817,0.4332898156395271
33,url_contains_phone_number,33,0.0,-0.00580684061497494,0.2167995705099222,0.4360266437158542
34,url_contains_phone_number,34,0.0,-0.003858268680033028,0.2167838265677603,0.435570505703133
35,url_contains_phone_number,35,0.0,-0.01216107332735139,0.2168638861219353,0.4296407115377576
36,url_contains_phone_number,36,0.0,-0.004780322612259802,0.2167913074251019,0.43579857470949357
37,url_contains_phone_number,37,0.0,-0.001702120888308567,0.2167660773606084,0.43488629868405126
38,url_contains_phone_number,38,0.0,-0.00019360130100087858,0.2167533629357755,0.4339740226586088
39,url_contains_phone_number,39,0.0,-0.009517358958775368,0.2168389542352001,0.4300968495504789
40,url_contains_phone_number,40,0.0,-0.005806840614975162,0.2167995705099222,0.4360266437158542
41,url_contains_phone_number,41,0.0,-0.00038394777797656765,0.21675507002300723,0.4328336776268059
42,url_contains_phone_number,42,0.0,-0.00016764492619936178,0.21675316415060328,0.43306174663316643
43,url_contains_phone_number,43,0.0,-0.03229957158105612,0.21699738758268025,0.43921960980490243
44,url_contains_phone_number,44,0.0,-3.936732337184168e-05,0.21675204050567817,0.4332898156395271
45,url_contains_phone_number,45,0.0,-0.002320775807254094,0.2167712115355136,0.4351143676904118
46,url_contains_phone_number,46,0.0,-3.936732337184168e-05,0.21675204050567817,0.4332898156395271
47,url_contains_phone_number,47,0.0,-3.936732337184168e-05,0.21675204050567817,0.4332898156395271
48,url_contains_phone_number,48,0.0,-0.00038394777797656765,0.21675507002300723,0.4328336776268059
49,url_contains_phone_number,49,0.0,-0.0015510366316839885,0.2167654810050918,0.4321494706077242
0,BBBRatingScore,0,0.052906201167225,0.07920174436241134,0.2040847337799405,0.4084808832245607
1,BBBRatingScore,1,0.05866284349958795,0.057456882826655065,0.2040498439252447,0.4088961481646772
2,BBBRatingScore,2,0.0596565979702558,0.054330968828602444,0.2040483552512648,0.40723273497836804
3,BBBRatingScore,3,0.05584782975218572,0.06701596792892739,0.20407771543634537,0.40702791584858194
4,BBBRatingScore,4,0.05858402602547785,0.05665986121712385,0.2040609284353802,0.4094966564676522
5,BBBRatingScore,5,0.060236768048053,0.0409778418938922,0.2041387856639849,0.41096215425153987
6,BBBRatingScore,6,0.06299646923981828,0.038290253945322816,0.20408633661408335,0.4087181813877734
7,BBBRatingScore,7,0.0673811154620848,0.0220223216775276,0.20411349728020375,0.4064887674821086
8,BBBRatingScore,8,0.05940611179601596,0.05442101169342339,0.20404906581984933,0.40860710018265534
9,BBBRatingScore,9,0.07306771036079773,-0.0035012438008015234,0.20421849423344843,0.4049918065284225
10,BBBRatingScore,10,0.05334159608149269,0.07688332819497123,0.2040921447675185,0.40785752638667444
11,BBBRatingScore,11,0.059359736084730996,0.054942235304970666,0.20404497522057363,0.40779604986689605
12,BBBRatingScore,12,0.05624183496018498,0.06629252730054824,0.20406282283587052,0.4074365129350348
13,BBBRatingScore,13,0.06335105251313289,0.03244359689604137,0.20411440638249276,0.4093299657711896
14,BBBRatingScore,14,0.06363702343945632,0.03808393140401056,0.2040673437269795,0.40643501192896664
15,BBBRatingScore,15,0.05765847735977159,0.06245727903185727,0.20404604061424012,0.4080561868021593
16,BBBRatingScore,16,0.06633325781261801,0.025160021951204592,0.20410414103240054,0.4071859319667435
17,BBBRatingScore,17,0.06007513023980959,0.0523592354122292,0.20405634357749317,0.4066507137632759
18,BBBRatingScore,18,0.06109412288387972,0.047580069620663634,0.20407408595744447,0.40917432837866885
19,BBBRatingScore,19,0.05174893518863999,0.08372673325820723,0.20410132988892868,0.41094945694192453
20,BBBRatingScore,20,0.06221977200649076,0.039369621716669356,0.2040959391165427,0.4093546182319483
21,BBBRatingScore,21,0.056941486341428704,0.06337269526185185,0.20407195547879395,0.4067748635649934
22,BBBRatingScore,22,0.05980033399023055,0.05389093224248731,0.20404589028949663,0.40781989807060165
23,BBBRatingScore,23,0.050303755087958146,0.07326622588054799,0.20425087102819436,0.40616420213387555
24,BBBRatingScore,24,0.05137526262793801,0.08477597652695934,0.2041210438130734,0.4082303951704795
25,BBBRatingScore,25,0.06635419955714339,0.02413499965247623,0.20412763884185217,0.4042968673726416
26,BBBRatingScore,26,0.05815816565136944,0.05190860638649597,0.20414934559834688,0.4117354799436963
27,BBBRatingScore,27,0.0658725331632658,0.01693311787953522,0.2041694953138467,0.40329381487991156
28,BBBRatingScore,28,0.05645162458192532,0.06709437700009735,0.2040518958068636,0.4092322759961947
29,BBBRatingScore,29,0.05982129090074695,0.04692185919499847,0.2040889678049408,0.4055754341525386
30,BBBRatingScore,30,0.06651684959326865,0.02128842746387083,0.20417819030122333,0.40313158356606693
31,BBBRatingScore,31,0.0552459332481553,0.07193513636295601,0.20405479409655788,0.40872051330805975
32,BBBRatingScore,32,0.06037720261219881,0.05151946914150429,0.2040492294117801,0.4081465194791764
33,BBBRatingScore,33,0.06221555463310535,0.0375376691194389,0.20410364814477197,0.40954591416640523
34,BBBRatingScore,34,0.0637559378010446,0.033098269721557494,0.20408808603231018,0.4083954114254108
35,BBBRatingScore,35,0.04423084928280485,0.09583924402178245,0.20435664377048668,0.4085341229725937
36,BBBRatingScore,36,0.05776611855028291,0.05776357670421661,0.20408170459847746,0.41038412668820057
37,BBBRatingScore,37,0.0632087016015811,0.03768271505924192,0.20407495771651266,0.40816031008267295
38,BBBRatingScore,38,0.05868491047469926,0.05818426618468919,0.20404689952275618,0.40863716355580054
39,BBBRatingScore,39,0.05734080012485199,0.05431848073831136,0.20413265031323022,0.40526134118552387
40,BBBRatingScore,40,0.05361938588633153,0.07419354033140924,0.2041008260328611,0.4113019529925656
41,BBBRatingScore,41,0.05465068374359061,0.07345338579162597,0.20406794295260114,0.40807223615876254
42,BBBRatingScore,42,0.05994723662846535,0.05323491986505291,0.20404598736184648,0.40765032545034907
43,BBBRatingScore,43,0.06724425432089076,-0.015886658513838636,0.20442042795319829,0.4120807400634872
44,BBBRatingScore,44,0.06572317980721865,0.029370874040791528,0.20408764947741914,0.40637814698357566
45,BBBRatingScore,45,0.05011755735961376,0.0901359178424046,0.20413292214822282,0.41169333548138853
46,BBBRatingScore,46,0.051887757600616036,0.0843927925783381,0.20408831120188012,0.40970343244112983
47,BBBRatingScore,47,0.06340219934871949,0.03910063107045969,0.20406601229861632,0.4072499895253579
48,BBBRatingScore,48,0.06342266152995935,0.03897613399207156,0.20406522934006535,0.4066890774855763
49,BBBRatingScore,49,0.06057454742441637,0.04925231710260913,0.20407313070159752,0.40587831211553077
0,IsHQ,0,0.0002871975005253047,-0.0010492980245744299,0.21671048736753698,0.43229186558235316
1,IsHQ,1,0.0002956043120201368,-0.0012116605359240307,0.21671148253774944,0.43457085238489085
2,IsHQ,2,0.00028970339181977334,-0.00015685378940100136,0.21670256636116447,0.4329755616231145
3,IsHQ,3,0.00028553451377066885,-0.002071703522892543,0.21671968211342152,0.4318360682218456
4,IsHQ,4,0.0002973042871857734,-0.0023633451463294097,0.21672107535171908,0.43502664974539834
5,IsHQ,5,0.00030416738395100396,-0.011090211299993546,0.2167907592073546,0.43684983918742853
6,IsHQ,6,0.0002964535162041093,-0.001738447688049094,0.2167158875372373,0.4347987510651446
7,IsHQ,7,0.00029138164226816254,-7.286978955800549e-07,0.21670119976521915,0.43343135898362195
8,IsHQ,8,0.0002956043120201368,-0.0012116605359242527,0.21671148253774944,0.43457085238489085
9,IsHQ,9,0.00029222307701148864,-5.752572680828294e-05,0.21670169068973735,0.43365925766387575
10,IsHQ,10,0.0,-0.0015510366316839885,0.2167654810050918,0.4321494706077242
11,IsHQ,11,0.00028719750052563775,-0.0010492980245744299,0.21671048736753698,0.43229186558235316
12,IsHQ,12,0.0,-0.0015510366316839885,0.2167654810050918,0.4321494706077242
13,IsHQ,13,0.00030072312612983154,-0.005875261325086756,0.2167496547595854,0.43593824446641344
14,IsHQ,14,0.0002888665676697988,-0.00036758951766957537,0.21670442388162806,0.4327476629428606
15,IsHQ,15,0.00029138164226816254,-7.286978955800549e-07,0.21670119976521915,0.43343135898362195
16,IsHQ,16,0.00029475667030920416,-0.0007815346371791154,0.2167078603532555,0.43434295370463694
17,IsHQ,17,0.00028886656767013186,-0.00036758951766957537,0.21670442388162808,0.4327476629428606
18,IsHQ,18,0.0002939105867626468,-0.00044668125180069573,0.21670502098375555,0.4341150550243833
19,IsHQ,19,0.00029815662930443576,-0.0030878645588641174,0.21672704598119474,0.43525454842565225
20,IsHQ,20,0.00029901054691749973,-0.003913582573098262,0.21673379942566434,0.4354824471059059
21,IsHQ,21,0.00028636524917768913,-0.0015183633611550729,0.21671469333298235,0.43206396690209936
22,IsHQ,22,0.00029054174861409265,-3.421058790542553e-05,0.21670149165569483,0.4332034603033681
23,IsHQ,23,0.0,-0.015112630207505973,0.21689194691858563,0.4291845735250364
24,IsHQ,24,0.00028803127196685985,-0.0006653962135154678,0.21670706421708555,0.4325197642626069
25,IsHQ,25,0.00028305136188644386,-0.00422910231284801,0.2167393453447029,0.4311523721810843
26,IsHQ,26,0.0003024420599962996,-0.008262394279547669,0.21676864135348214,0.43639404182692104
27,IsHQ,27,0.000274871041547442,-0.01660048859457497,0.21685577242357928,0.4288733853785466
28,IsHQ,28,0.00029306605708934175,-0.000205769784764831,0.21670296442924947,0.43388715634412944
29,IsHQ,29,0.00027976146653918565,-0.008238560857975807,0.2167765223963264,0.4302407774600692
30,IsHQ,30,0.0,-0.0061379740271527705,0.21680742311118809,0.4307810565695606
31,IsHQ,31,0.00029222307701148864,-5.752572680828294e-05,0.21670169068973735,0.43365925766387575
32,IsHQ,32,0.0002905417486143147,-3.421058790542553e-05,0.21670149165569483,0.4332034603033681
33,IsHQ,33,0.00030072312612983154,-0.005875261325086756,0.2167496547595854,0.43593824446641344
34,IsHQ,34,0.00029901054691761075,-0.003913582573098484,0.21673379942566434,0.4354824471059059
35,IsHQ,35,0.0002773096334319769,-0.012072939635293434,0.21681262474248017,0.42955708141930793
36,IsHQ,36,0.0,-0.004780322612259802,0.2167913074251019,0.43579857470949357
37,IsHQ,37,0.0002964535162041093,-0.001738447688049094,0.2167158875372373,0.4347987510651446
38,IsHQ,38,0.0,-0.00019360130100087858,0.2167533629357755,0.4339740226586088
39,IsHQ,39,0.0002789427109385345,-0.009438850317594838,0.21678777369671712,0.4300128787798155
40,IsHQ,40,0.0003007231261296095,-0.005875261325086756,0.2167496547595854,0.43593824446641344
41,IsHQ,41,0.0002888665676697988,-0.00036758951766957537,0.21670442388162806,0.4327476629428606
42,IsHQ,42,0.0,-0.00016764492619936178,0.21675316415060328,0.43306174663316643
43,IsHQ,43,0.0003128911138923218,-0.03247182187741404,0.2169483173763523,0.4391288259899663
44,IsHQ,44,0.0002905417486143147,-3.421058790542553e-05,0.21670149165569483,0.4332034603033681
45,IsHQ,45,0.0002973042871856624,-0.0023633451463296318,0.21672107535171908,0.43502664974539834
46,IsHQ,46,0.0002905417486144257,-3.421058790542553e-05,0.21670149165569483,0.4332034603033681
47,IsHQ,47,0.0002905417486143147,-3.421058790564757e-05,0.21670149165569483,0.4332034603033681
48,IsHQ,48,0.0002888665676697988,-0.00036758951766957537,0.21670442388162806,0.4327476629428606
49,IsHQ,49,0.00028636524917768913,-0.0015183633611550729,0.21671469333298235,0.43206396690209936
0,IsCharity,0,0.0005747546723096075,-0.0010223173826791054,0.21665969827671214,0.43220608425690615
1,IsCharity,1,0.0005915788235540953,-0.0012422469814941106,0.21666119290206548,0.43448336566529977
2,IsCharity,2,0.0002897033918199954,0.00099037087096987,0.21665240899885596,0.43281715951843264
3,IsCharity,3,0.0005714266161622739,-0.0020340133845082597,0.2166688001920533,0.4317506279752274
4,IsCharity,4,0.0005949809028460429,-0.0024063554026787504,0.2166708926675481,0.43493882194697847
5,IsCharity,5,0.0006087156913638925,-0.011186553103555541,0.21674102786418456,0.4367606470736934
6,IsCharity,6,0.0002964535162039983,-0.0005125813890345388,0.21666413163380005,0.434637844579361
7,IsCharity,7,0.0005831281957976442,-1.6416242205608e-06,0.21665065304729314,0.43334472496110293
8,IsCharity,8,0.0002956043120201368,3.7879165203369425e-06,0.21665992782325078,0.43441025894674506
9,IsCharity,9,0.0005848121190534794,-6.422332116118312e-05,0.21665119421151233,0.43357245310194226
10,IsCharity,10,0.0005730891273463268,-0.0014859976375372064,0.21666385753269887,0.43197835611606683
11,IsCharity,11,0.0002871975005254157,7.10002994103176e-05,0.21666092299346332,0.4321344026205844
12,IsCharity,12,0.0005730891273463268,-0.0014859976375369843,0.21666385753269887,0.43197835611606683
13,IsCharity,13,0.000601822862310919,-0.005944169210417849,0.21669969303892508,0.435849734510336
14,IsCharity,14,0.0005780948968524546,-0.00035156754294796144,0.2166537299748416,0.4326615405385848
15,IsCharity,15,0.00029138164226816254,0.0011651879349456884,0.21665064511842416,0.43327233078366467
16,IsCharity,16,0.0005898824785894874,-0.0008060322580016877,0.21665751812437575,0.4342556375244604
17,IsCharity,17,0.0005780948968527877,-0.00035156754294796144,0.2166537299748416,0.4326615405385848
18,IsCharity,18,0.00029391058676286885,0.0007484551498649905,0.2166538674717363,0.4339550876815128
19,IsCharity,19,0.00029815662930443576,-0.001840617285104651,0.21667488652448236,0.4350930158445932
20,IsCharity,20,0.0005983955591412071,-0.003969360163818436,0.21668372604650124,0.4353942782286572
21,IsCharity,21,0.00028636524917768913,-0.0004067571280486071,0.21666532583805506,0.43190681698796834
22,IsCharity,22,0.0005814473566506662,-2.9409931090240704e-05,0.2166508952864416,0.43311699682026367
23,IsCharity,23,0.0005517101321734774,-0.014917670560105512,0.2167892175669835,0.4290178902851551
24,IsCharity,24,0.000576423259364911,-0.0006438629344363012,0.21665632242409305,0.43243381239774553
25,IsCharity,25,0.0005664572026226056,-0.004175787448398749,0.21668832859032253,0.4310674435527093
26,IsCharity,26,0.0,-0.008180483774770098,0.21681844336199932,0.43648278172857535
27,IsCharity,27,0.0005500863173354409,-0.016498441497738048,0.21680434447011748,0.42879016214431576
28,IsCharity,28,0.0005864991349138204,-0.0002183250536751391,0.21665251877909916,0.43380018124278164
29,IsCharity,29,0.00027976146653918565,-0.007191814490381754,0.2167287158297954,0.43008613192703987
30,IsCharity,30,0.0005631592781339956,-0.006010809472144496,0.2167052645393402,0.43061198727103067
31,IsCharity,31,0.0005848121190534794,-6.422332116118312e-05,0.21665119421151233,0.43357245310194226
32,IsCharity,32,0.0005814473566509992,-2.9409931090240704e-05,0.2166508952864416,0.43311699682026367
33,IsCharity,33,0.00060182286231103,-0.005944169210417849,0.21669969303892508,0.435849734510336
34,IsCharity,34,0.00029901054691761075,-0.0026553630722352395,0.21668143760461545,0.4353206014772092
35,IsCharity,35,0.0005549665550704797,-0.011985016695143624,0.21676131397081863,0.4294733465668337
36,IsCharity,36,0.0006001076254792403,-0.0049044394715556106,0.21669131784102935,0.43562200636949655
37,IsCharity,37,0.0002964535162041093,-0.0005125813890345388,0.21666413163380005,0.43463784457936105
38,IsCharity,38,0.00029306605708945277,0.00097946417548056,0.21665201093077097,0.4337275020488967
39,IsCharity,39,0.0005582347552658407,-0.009360569118467055,0.21673654398812428,0.42992880284851254
40,IsCharity,40,0.0003007231261296095,-0.004594509958955273,0.21669688703446555,0.4357757727424413
41,IsCharity,41,0.0005780948968525657,-0.00035156754294796144,0.2166537299748416,0.4326615405385848
42,IsCharity,42,0.0002897033918196623,0.000990370870969981,0.21665240899885596,0.43281715951843264
43,IsCharity,43,0.0003128911138923218,-0.03100781059514146,0.2168926644412148,0.4389619715990662
44,IsCharity,44,0.0005814473566508882,-2.9409931089796615e-05,0.2166508952864416,0.43311699682026367
45,IsCharity,45,0.0005949809028460429,-0.0024063554026789724,0.2166708926675481,0.4349388219469784
46,IsCharity,46,0.0005814473566508882,-2.9409931090240704e-05,0.2166508952864416,0.43311699682026367
47,IsCharity,47,0.0005814473566508882,-2.9409931090240704e-05,0.2166508952864416,0.43311699682026367
48,IsCharity,48,0.0005780948968524546,-0.00035156754294796144,0.2166537299748416,0.4326615405385848
49,IsCharity,49,0.00028636524917768913,-0.0004067571280486071,0.21666532583805506,0.43190681698796834
0,IsBBBAccredited,0,0.01679221648824425,0.011221270093144331,0.21332096641269213,0.42529610074857555
1,IsBBBAccredited,1,0.01706184377297304,0.009748838205754895,0.21332430128088894,0.4278990752648155
2,IsBBBAccredited,2,0.0138974199459726,0.023251624734995646,0.21332465518467494,0.42660920733517993
3,IsBBBAccredited,3,0.01599835331552235,0.013425358330375392,0.21332470183878904,0.4253196143226524
4,IsBBBAccredited,4,0.01753890390857782,0.0064666500085935885,0.21333873845660895,0.4278315790140241
5,IsBBBAccredited,5,0.017399600223301004,-0.0018073577487376369,0.21340652081962874,0.429435035964319
6,IsBBBAccredited,6,0.018509125237966995,0.0026517149089509973,0.21335289135177413,0.42718172062804965
7,IsBBBAccredited,7,0.015214533572501798,0.01854499879148097,0.21330950491159104,0.4266576088833371
8,IsBBBAccredited,8,0.018314618076496147,0.004411552415478304,0.21333233590375375,0.4280632379681905
9,IsBBBAccredited,9,0.015578594521816647,0.017057772981555197,0.2133094039239996,0.4269034583914209
10,IsBBBAccredited,10,0.017952431609617348,0.006327818978581812,0.21332262728491488,0.42525624321522737
11,IsBBBAccredited,11,0.01612246524796801,0.013942198646420878,0.21331609974754845,0.4257430297218483
12,IsBBBAccredited,12,0.013675858452254719,0.022607970145772427,0.213336402370409,0.42526624854296885
13,IsBBBAccredited,13,0.017132956656077947,0.004603385377122016,0.2133662323840154,0.42913035291541607
14,IsBBBAccredited,14,0.015339174454466753,0.01762355455673803,0.21331335326709225,0.42605829896960473
15,IsBBBAccredited,15,0.013705400362766684,0.02448036645830376,0.21331381532630128,0.42650069716091105
16,IsBBBAccredited,16,0.014244682250413976,0.021637814274994782,0.21332366784890183,0.4278769464679041
17,IsBBBAccredited,17,0.016247060498332022,0.0141069385245145,0.21331080180537423,0.42616644512104435
18,IsBBBAccredited,18,0.01573278876981954,0.016068210661973836,0.21331278957882432,0.42678408765747516
19,IsBBBAccredited,19,0.019277894194567935,-0.002247297234247103,0.21337365901946326,0.4277032503593569
20,IsBBBAccredited,20,0.017320238665088028,0.005788916197197569,0.21335118030891886,0.42874646465872096
21,IsBBBAccredited,21,0.015459982781843573,0.015985129956710753,0.2133231500247432,0.42545912933425234
22,IsBBBAccredited,22,0.013955005271211074,0.023213718183266785,0.21332243367918532,0.42682049719063386
23,IsBBBAccredited,23,0.01565028926992107,0.0017088941728055085,0.21345417467731395,0.4222989206634875
24,IsBBBAccredited,24,0.014077308753183915,0.021967360626612198,0.21332880991163528,0.4262145802987076
25,IsBBBAccredited,25,0.0176930264021401,0.004888250966582408,0.2133420673904426,0.4244088538213221
26,IsBBBAccredited,26,0.019605068387586355,-0.009421753340087324,0.2134242599778372,0.42875969963662713
27,IsBBBAccredited,27,0.018391651415917143,-0.009651921346349956,0.2134596437214187,0.421929323264137
28,IsBBBAccredited,28,0.016553512256997416,0.012830805078129615,0.21331718838676833,0.42771385692846425
29,IsBBBAccredited,29,0.014361970948400415,0.013141093987555585,0.21339516998089375,0.42418648686011307
30,IsBBBAccredited,30,0.016663494285535818,0.006917010968909398,0.21336301769713897,0.4238579625559982
31,IsBBBAccredited,31,0.015578594521816425,0.017057772981555197,0.2133094039239996,0.4269034583914209
32,IsBBBAccredited,32,0.01515555492569598,0.018715418871000145,0.2133103521257582,0.4264464579429755
33,IsBBBAccredited,33,0.016816408938630567,0.006028250113302991,0.21336303682218452,0.42909143050518084
34,IsBBBAccredited,34,0.016080404426736306,0.010992564829440665,0.2133516065000983,0.42909297647409267
35,IsBBBAccredited,35,0.015042802473433259,0.007054996322724771,0.21341767910430523,0.4236449216477158
36,IsBBBAccredited,36,0.016753279965683987,0.007352385465993927,0.21335399364109986,0.4288798622704706
37,IsBBBAccredited,37,0.014953683946898444,0.01813358584955027,0.21331958225209735,0.4278567947968178
38,IsBBBAccredited,38,0.018163423511017296,0.006220159539837455,0.21332165185921573,0.4269059381371635
39,IsBBBAccredited,39,0.015506693434390373,0.007977842653249079,0.21339215169441578,0.4236259527258685
40,IsBBBAccredited,40,0.014347117237290541,0.016640831067011197,0.2133588064295794,0.4293270895802932
41,IsBBBAccredited,41,0.016608768175368827,0.01257067408268131,0.21331572111308816,0.4256773357092747
42,IsBBBAccredited,42,0.018008883711485235,0.0068057659660603065,0.21333229122678732,0.4254936229655521
43,IsBBBAccredited,43,0.019360269360269133,-0.03355863432836159,0.213603854382156,0.43172764833595256
44,IsBBBAccredited,44,0.01576245306701196,0.01632598721359535,0.21330927226113996,0.4265162741015011
45,IsBBBAccredited,45,0.014724982910905737,0.01826237953190102,0.21333452882506015,0.42854029878665467
46,IsBBBAccredited,46,0.01637214137214138,0.013911317813992574,0.21330880801226654,0.42658986052024034
47,IsBBBAccredited,47,0.015450673795794123,0.017441421031578086,0.21331470713460113,0.42697310465699606
48,IsBBBAccredited,48,0.013545137385345574,0.024299023024730637,0.21333040421252406,0.42637097641522925
49,IsBBBAccredited,49,0.015518675089691736,0.015629721457222412,0.21332882221382246,0.4249261638693363
