,Variables,Random_State,R_2_Train,R_2_Test,Mean_Squared_Log_Error
0,contains_contacts_page,0,-0.458941605839416,-0.4925373134328359,0.15262014199002397
1,contains_contacts_page,1,-0.47237569060773477,-0.4388489208633095,0.15262014199002397
2,contains_contacts_page,2,-0.4629460201280877,-0.4760147601476017,0.15262014199002397
3,contains_contacts_page,3,-0.45628415300546443,-0.5037593984962403,0.15262014199002397
4,contains_contacts_page,4,-0.47509225092250906,-0.4285714285714286,0.15262014199002397
5,contains_contacts_page,5,-0.4860594795539033,-0.38888888888888906,0.15262014199002397
6,contains_contacts_page,6,-0.47373271889400903,-0.4336917562724012,0.15262014199002397
7,contains_contacts_page,7,-0.4656278643446381,-0.4652014652014651,0.15262014199002397
8,contains_contacts_page,8,-0.47237569060773477,-0.4388489208633095,0.15262014199002397
9,contains_contacts_page,9,-0.46697247706422007,-0.45985401459854014,0.15262014199002397
10,contains_contacts_page,10,-0.45761166818596166,-0.4981273408239699,0.15262014199002397
11,contains_contacts_page,11,-0.4589416058394158,-0.4925373134328359,0.15262014199002397
12,contains_contacts_page,12,-0.45761166818596166,-0.4981273408239699,0.15262014199002397
13,contains_contacts_page,13,-0.48055555555555585,-0.408450704225352,0.15262014199002397
14,contains_contacts_page,14,-0.46160877513711207,-0.48148148148148207,0.15262014199002397
15,contains_contacts_page,15,-0.4656278643446381,-0.4652014652014651,0.15262014199002397
16,contains_contacts_page,16,-0.4710211591536335,-0.4440433212996391,0.15262014199002397
17,contains_contacts_page,17,-0.4616087751371116,-0.48148148148148207,0.15262014199002397
18,contains_contacts_page,18,-0.4696691176470589,-0.4492753623188408,0.15262014199002397
19,contains_contacts_page,19,-0.476454293628809,-0.4234875444839856,0.15262014199002397
20,contains_contacts_page,20,-0.47781885397412194,-0.4184397163120568,0.15262014199002397
21,contains_contacts_page,21,-0.45761166818596166,-0.4981273408239699,0.15262014199002397
22,contains_contacts_page,22,-0.4642857142857144,-0.47058823529411775,0.15262014199002397
23,contains_contacts_page,23,-0.4405405405405407,-0.5748031496062993,0.15262014199002397
24,contains_contacts_page,24,-0.4602739726027396,-0.48698884758364325,0.15262014199002397
25,contains_contacts_page,25,-0.45231607629427817,-0.5209125475285172,0.15262014199002397
26,contains_contacts_page,26,-0.4833024118738405,-0.39860139860139854,0.15262014199002397
27,contains_contacts_page,27,-0.4392439243924393,-0.5810276679841899,0.15262014199002397
28,contains_contacts_page,28,-0.46831955922865,-0.4545454545454546,0.15262014199002397
29,contains_contacts_page,29,-0.44705882352941173,-0.5444015444015442,0.15262014199002397
30,contains_contacts_page,30,-0.449682683590209,-0.532567049808429,0.15262014199002397
31,contains_contacts_page,31,-0.46697247706422007,-0.45985401459854014,0.15262014199002397
32,contains_contacts_page,32,-0.4642857142857142,-0.47058823529411775,0.15262014199002397
33,contains_contacts_page,33,-0.4805555555555556,-0.4084507042253518,0.15262014199002397
34,contains_contacts_page,34,-0.47781885397412194,-0.4184397163120568,0.15262014199002397
35,contains_contacts_page,35,-0.4431407942238268,-0.5625,0.15262014199002397
36,contains_contacts_page,36,-0.47918593894542116,-0.4134275618374563,0.15262014199002397
37,contains_contacts_page,37,-0.47373271889400903,-0.4336917562724012,0.15262014199002397
38,contains_contacts_page,38,-0.46831955922865,-0.4545454545454546,0.15262014199002397
39,contains_contacts_page,39,-0.44575045207956543,-0.5503875968992247,0.15262014199002397
40,contains_contacts_page,40,-0.48055555555555585,-0.408450704225352,0.15262014199002397
41,contains_contacts_page,41,-0.46160877513711207,-0.48148148148148207,0.15262014199002397
42,contains_contacts_page,42,-0.46294602012808816,-0.47601476014760125,0.15262014199002397
43,contains_contacts_page,43,-0.5,-0.34228187919463093,0.15262014199002397
44,contains_contacts_page,44,-0.4642857142857142,-0.47058823529411753,0.15262014199002397
45,contains_contacts_page,45,-0.47509225092250906,-0.4285714285714288,0.15262014199002397
46,contains_contacts_page,46,-0.4642857142857142,-0.47058823529411775,0.15262014199002397
47,contains_contacts_page,47,-0.4642857142857142,-0.47058823529411775,0.15262014199002397
48,contains_contacts_page,48,-0.46160877513711207,-0.48148148148148207,0.15262014199002397
49,contains_contacts_page,49,-0.45761166818596166,-0.4981273408239699,0.15262014199002397
0,contains_business_name,0,-0.458941605839416,-0.4925373134328359,0.15262014199002397
1,contains_business_name,1,-0.47237569060773477,-0.4388489208633095,0.15262014199002397
2,contains_business_name,2,-0.4629460201280877,-0.4760147601476017,0.15262014199002397
3,contains_business_name,3,-0.45628415300546443,-0.5037593984962403,0.15262014199002397
4,contains_business_name,4,-0.47509225092250906,-0.4285714285714286,0.15262014199002397
5,contains_business_name,5,-0.4860594795539033,-0.38888888888888906,0.15262014199002397
6,contains_business_name,6,-0.47373271889400903,-0.4336917562724012,0.15262014199002397
7,contains_business_name,7,-0.4656278643446381,-0.4652014652014651,0.15262014199002397
8,contains_business_name,8,-0.47237569060773477,-0.4388489208633095,0.15262014199002397
9,contains_business_name,9,-0.46697247706422007,-0.45985401459854014,0.15262014199002397
10,contains_business_name,10,-0.45761166818596166,-0.4981273408239699,0.15262014199002397
11,contains_business_name,11,-0.4589416058394158,-0.4925373134328359,0.15262014199002397
12,contains_business_name,12,-0.45761166818596166,-0.4981273408239699,0.15262014199002397
13,contains_business_name,13,-0.48055555555555585,-0.408450704225352,0.15262014199002397
14,contains_business_name,14,-0.46160877513711207,-0.48148148148148207,0.15262014199002397
15,contains_business_name,15,-0.4656278643446381,-0.4652014652014651,0.15262014199002397
16,contains_business_name,16,-0.4710211591536335,-0.4440433212996391,0.15262014199002397
17,contains_business_name,17,-0.4616087751371116,-0.48148148148148207,0.15262014199002397
18,contains_business_name,18,-0.4696691176470589,-0.4492753623188408,0.15262014199002397
19,contains_business_name,19,-0.476454293628809,-0.4234875444839856,0.15262014199002397
20,contains_business_name,20,-0.47781885397412194,-0.4184397163120568,0.15262014199002397
21,contains_business_name,21,-0.45761166818596166,-0.4981273408239699,0.15262014199002397
22,contains_business_name,22,-0.4642857142857144,-0.47058823529411775,0.15262014199002397
23,contains_business_name,23,-0.4405405405405407,-0.5748031496062993,0.15262014199002397
24,contains_business_name,24,-0.4602739726027396,-0.48698884758364325,0.15262014199002397
25,contains_business_name,25,-0.45231607629427817,-0.5209125475285172,0.15262014199002397
26,contains_business_name,26,-0.4833024118738405,-0.39860139860139854,0.15262014199002397
27,contains_business_name,27,-0.4392439243924393,-0.5810276679841899,0.15262014199002397
28,contains_business_name,28,-0.46831955922865,-0.4545454545454546,0.15262014199002397
29,contains_business_name,29,-0.44705882352941173,-0.5444015444015442,0.15262014199002397
30,contains_business_name,30,-0.449682683590209,-0.532567049808429,0.15262014199002397
31,contains_business_name,31,-0.46697247706422007,-0.45985401459854014,0.15262014199002397
32,contains_business_name,32,-0.4642857142857142,-0.47058823529411775,0.15262014199002397
33,contains_business_name,33,-0.4805555555555556,-0.4084507042253518,0.15262014199002397
34,contains_business_name,34,-0.47781885397412194,-0.4184397163120568,0.15262014199002397
35,contains_business_name,35,-0.4431407942238268,-0.5625,0.15262014199002397
36,contains_business_name,36,-0.47918593894542116,-0.4134275618374563,0.15262014199002397
37,contains_business_name,37,-0.47373271889400903,-0.4336917562724012,0.15262014199002397
38,contains_business_name,38,-0.46831955922865,-0.4545454545454546,0.15262014199002397
39,contains_business_name,39,-0.44575045207956543,-0.5503875968992247,0.15262014199002397
40,contains_business_name,40,-0.48055555555555585,-0.408450704225352,0.15262014199002397
41,contains_business_name,41,-0.46160877513711207,-0.48148148148148207,0.15262014199002397
42,contains_business_name,42,-0.46294602012808816,-0.47601476014760125,0.15262014199002397
43,contains_business_name,43,-0.5,-0.34228187919463093,0.15262014199002397
44,contains_business_name,44,-0.4642857142857142,-0.47058823529411753,0.15262014199002397
45,contains_business_name,45,-0.47509225092250906,-0.4285714285714288,0.15262014199002397
46,contains_business_name,46,-0.4642857142857142,-0.47058823529411775,0.15262014199002397
47,contains_business_name,47,-0.4642857142857142,-0.47058823529411775,0.15262014199002397
48,contains_business_name,48,-0.46160877513711207,-0.48148148148148207,0.15262014199002397
49,contains_business_name,49,-0.45761166818596166,-0.4981273408239699,0.15262014199002397
0,contains_business_name_in_copyright,0,-0.458941605839416,-0.4925373134328359,0.15262014199002397
1,contains_business_name_in_copyright,1,-0.47237569060773477,-0.4388489208633095,0.15262014199002397
2,contains_business_name_in_copyright,2,-0.4629460201280877,-0.4760147601476017,0.15262014199002397
3,contains_business_name_in_copyright,3,-0.45628415300546443,-0.5037593984962403,0.15262014199002397
4,contains_business_name_in_copyright,4,-0.47509225092250906,-0.4285714285714286,0.15262014199002397
5,contains_business_name_in_copyright,5,-0.4860594795539033,-0.38888888888888906,0.15262014199002397
6,contains_business_name_in_copyright,6,-0.47373271889400903,-0.4336917562724012,0.15262014199002397
7,contains_business_name_in_copyright,7,-0.4656278643446381,-0.4652014652014651,0.15262014199002397
8,contains_business_name_in_copyright,8,-0.47237569060773477,-0.4388489208633095,0.15262014199002397
9,contains_business_name_in_copyright,9,-0.46697247706422007,-0.45985401459854014,0.15262014199002397
10,contains_business_name_in_copyright,10,-0.45761166818596166,-0.4981273408239699,0.15262014199002397
11,contains_business_name_in_copyright,11,-0.4589416058394158,-0.4925373134328359,0.15262014199002397
12,contains_business_name_in_copyright,12,-0.45761166818596166,-0.4981273408239699,0.15262014199002397
13,contains_business_name_in_copyright,13,-0.48055555555555585,-0.408450704225352,0.15262014199002397
14,contains_business_name_in_copyright,14,-0.46160877513711207,-0.48148148148148207,0.15262014199002397
15,contains_business_name_in_copyright,15,-0.4656278643446381,-0.4652014652014651,0.15262014199002397
16,contains_business_name_in_copyright,16,-0.4710211591536335,-0.4440433212996391,0.15262014199002397
17,contains_business_name_in_copyright,17,-0.4616087751371116,-0.48148148148148207,0.15262014199002397
18,contains_business_name_in_copyright,18,-0.4696691176470589,-0.4492753623188408,0.15262014199002397
19,contains_business_name_in_copyright,19,-0.476454293628809,-0.4234875444839856,0.15262014199002397
20,contains_business_name_in_copyright,20,-0.47781885397412194,-0.4184397163120568,0.15262014199002397
21,contains_business_name_in_copyright,21,-0.45761166818596166,-0.4981273408239699,0.15262014199002397
22,contains_business_name_in_copyright,22,-0.4642857142857144,-0.47058823529411775,0.15262014199002397
23,contains_business_name_in_copyright,23,-0.4405405405405407,-0.5748031496062993,0.15262014199002397
24,contains_business_name_in_copyright,24,-0.4602739726027396,-0.48698884758364325,0.15262014199002397
25,contains_business_name_in_copyright,25,-0.45231607629427817,-0.5209125475285172,0.15262014199002397
26,contains_business_name_in_copyright,26,-0.4833024118738405,-0.39860139860139854,0.15262014199002397
27,contains_business_name_in_copyright,27,-0.4392439243924393,-0.5810276679841899,0.15262014199002397
28,contains_business_name_in_copyright,28,-0.46831955922865,-0.4545454545454546,0.15262014199002397
29,contains_business_name_in_copyright,29,-0.44705882352941173,-0.5444015444015442,0.15262014199002397
30,contains_business_name_in_copyright,30,-0.449682683590209,-0.532567049808429,0.15262014199002397
31,contains_business_name_in_copyright,31,-0.46697247706422007,-0.45985401459854014,0.15262014199002397
32,contains_business_name_in_copyright,32,-0.4642857142857142,-0.47058823529411775,0.15262014199002397
33,contains_business_name_in_copyright,33,-0.4805555555555556,-0.4084507042253518,0.15262014199002397
34,contains_business_name_in_copyright,34,-0.47781885397412194,-0.4184397163120568,0.15262014199002397
35,contains_business_name_in_copyright,35,-0.4431407942238268,-0.5625,0.15262014199002397
36,contains_business_name_in_copyright,36,-0.47918593894542116,-0.4134275618374563,0.15262014199002397
37,contains_business_name_in_copyright,37,-0.47373271889400903,-0.4336917562724012,0.15262014199002397
38,contains_business_name_in_copyright,38,-0.46831955922865,-0.4545454545454546,0.15262014199002397
39,contains_business_name_in_copyright,39,-0.44575045207956543,-0.5503875968992247,0.15262014199002397
40,contains_business_name_in_copyright,40,-0.48055555555555585,-0.408450704225352,0.15262014199002397
41,contains_business_name_in_copyright,41,-0.46160877513711207,-0.48148148148148207,0.15262014199002397
42,contains_business_name_in_copyright,42,-0.46294602012808816,-0.47601476014760125,0.15262014199002397
43,contains_business_name_in_copyright,43,-0.5,-0.34228187919463093,0.15262014199002397
44,contains_business_name_in_copyright,44,-0.4642857142857142,-0.47058823529411753,0.15262014199002397
45,contains_business_name_in_copyright,45,-0.47509225092250906,-0.4285714285714288,0.15262014199002397
46,contains_business_name_in_copyright,46,-0.4642857142857142,-0.47058823529411775,0.15262014199002397
47,contains_business_name_in_copyright,47,-0.4642857142857142,-0.47058823529411775,0.15262014199002397
48,contains_business_name_in_copyright,48,-0.46160877513711207,-0.48148148148148207,0.15262014199002397
49,contains_business_name_in_copyright,49,-0.45761166818596166,-0.4981273408239699,0.15262014199002397
0,contains_social_media_links,0,-0.458941605839416,-0.4925373134328359,0.15262014199002397
1,contains_social_media_links,1,-0.47237569060773477,-0.4388489208633095,0.15262014199002397
2,contains_social_media_links,2,-0.4629460201280877,-0.4760147601476017,0.15262014199002397
3,contains_social_media_links,3,-0.45628415300546443,-0.5037593984962403,0.15262014199002397
4,contains_social_media_links,4,-0.47509225092250906,-0.4285714285714286,0.15262014199002397
5,contains_social_media_links,5,-0.4860594795539033,-0.38888888888888906,0.15262014199002397
6,contains_social_media_links,6,-0.47373271889400903,-0.4336917562724012,0.15262014199002397
7,contains_social_media_links,7,-0.4656278643446381,-0.4652014652014651,0.15262014199002397
8,contains_social_media_links,8,-0.47237569060773477,-0.4388489208633095,0.15262014199002397
9,contains_social_media_links,9,-0.46697247706422007,-0.45985401459854014,0.15262014199002397
10,contains_social_media_links,10,-0.45761166818596166,-0.4981273408239699,0.15262014199002397
11,contains_social_media_links,11,-0.4589416058394158,-0.4925373134328359,0.15262014199002397
12,contains_social_media_links,12,-0.45761166818596166,-0.4981273408239699,0.15262014199002397
13,contains_social_media_links,13,-0.48055555555555585,-0.408450704225352,0.15262014199002397
14,contains_social_media_links,14,-0.46160877513711207,-0.48148148148148207,0.15262014199002397
15,contains_social_media_links,15,-0.4656278643446381,-0.4652014652014651,0.15262014199002397
16,contains_social_media_links,16,-0.4710211591536335,-0.4440433212996391,0.15262014199002397
17,contains_social_media_links,17,-0.4616087751371116,-0.48148148148148207,0.15262014199002397
18,contains_social_media_links,18,-0.4696691176470589,-0.4492753623188408,0.15262014199002397
19,contains_social_media_links,19,-0.476454293628809,-0.4234875444839856,0.15262014199002397
20,contains_social_media_links,20,-0.47781885397412194,-0.4184397163120568,0.15262014199002397
21,contains_social_media_links,21,-0.45761166818596166,-0.4981273408239699,0.15262014199002397
22,contains_social_media_links,22,-0.4642857142857144,-0.47058823529411775,0.15262014199002397
23,contains_social_media_links,23,-0.4405405405405407,-0.5748031496062993,0.15262014199002397
24,contains_social_media_links,24,-0.4602739726027396,-0.48698884758364325,0.15262014199002397
25,contains_social_media_links,25,-0.45231607629427817,-0.5209125475285172,0.15262014199002397
26,contains_social_media_links,26,-0.4833024118738405,-0.39860139860139854,0.15262014199002397
27,contains_social_media_links,27,-0.4392439243924393,-0.5810276679841899,0.15262014199002397
28,contains_social_media_links,28,-0.46831955922865,-0.4545454545454546,0.15262014199002397
29,contains_social_media_links,29,-0.44705882352941173,-0.5444015444015442,0.15262014199002397
30,contains_social_media_links,30,-0.449682683590209,-0.532567049808429,0.15262014199002397
31,contains_social_media_links,31,-0.46697247706422007,-0.45985401459854014,0.15262014199002397
32,contains_social_media_links,32,-0.4642857142857142,-0.47058823529411775,0.15262014199002397
33,contains_social_media_links,33,-0.4805555555555556,-0.4084507042253518,0.15262014199002397
34,contains_social_media_links,34,-0.47781885397412194,-0.4184397163120568,0.15262014199002397
35,contains_social_media_links,35,-0.4431407942238268,-0.5625,0.15262014199002397
36,contains_social_media_links,36,-0.47918593894542116,-0.4134275618374563,0.15262014199002397
37,contains_social_media_links,37,-0.47373271889400903,-0.4336917562724012,0.15262014199002397
38,contains_social_media_links,38,-0.46831955922865,-0.4545454545454546,0.15262014199002397
39,contains_social_media_links,39,-0.44575045207956543,-0.5503875968992247,0.15262014199002397
40,contains_social_media_links,40,-0.48055555555555585,-0.408450704225352,0.15262014199002397
41,contains_social_media_links,41,-0.46160877513711207,-0.48148148148148207,0.15262014199002397
42,contains_social_media_links,42,-0.46294602012808816,-0.47601476014760125,0.15262014199002397
43,contains_social_media_links,43,-0.5,-0.34228187919463093,0.15262014199002397
44,contains_social_media_links,44,-0.4642857142857142,-0.47058823529411753,0.15262014199002397
45,contains_social_media_links,45,-0.47509225092250906,-0.4285714285714288,0.15262014199002397
46,contains_social_media_links,46,-0.4642857142857142,-0.47058823529411775,0.15262014199002397
47,contains_social_media_links,47,-0.4642857142857142,-0.47058823529411775,0.15262014199002397
48,contains_social_media_links,48,-0.46160877513711207,-0.48148148148148207,0.15262014199002397
49,contains_social_media_links,49,-0.45761166818596166,-0.4981273408239699,0.15262014199002397
0,contains_reviews_page,0,-0.458941605839416,-0.4925373134328359,0.15262014199002397
1,contains_reviews_page,1,-0.47237569060773477,-0.4388489208633095,0.15262014199002397
2,contains_reviews_page,2,-0.4629460201280877,-0.4760147601476017,0.15262014199002397
3,contains_reviews_page,3,-0.45628415300546443,-0.5037593984962403,0.15262014199002397
4,contains_reviews_page,4,-0.47509225092250906,-0.4285714285714286,0.15262014199002397
5,contains_reviews_page,5,-0.4860594795539033,-0.38888888888888906,0.15262014199002397
6,contains_reviews_page,6,-0.47373271889400903,-0.4336917562724012,0.15262014199002397
7,contains_reviews_page,7,-0.4656278643446381,-0.4652014652014651,0.15262014199002397
8,contains_reviews_page,8,-0.47237569060773477,-0.4388489208633095,0.15262014199002397
9,contains_reviews_page,9,-0.46697247706422007,-0.45985401459854014,0.15262014199002397
10,contains_reviews_page,10,-0.45761166818596166,-0.4981273408239699,0.15262014199002397
11,contains_reviews_page,11,-0.4589416058394158,-0.4925373134328359,0.15262014199002397
12,contains_reviews_page,12,-0.45761166818596166,-0.4981273408239699,0.15262014199002397
13,contains_reviews_page,13,-0.48055555555555585,-0.408450704225352,0.15262014199002397
14,contains_reviews_page,14,-0.46160877513711207,-0.48148148148148207,0.15262014199002397
15,contains_reviews_page,15,-0.4656278643446381,-0.4652014652014651,0.15262014199002397
16,contains_reviews_page,16,-0.4710211591536335,-0.4440433212996391,0.15262014199002397
17,contains_reviews_page,17,-0.4616087751371116,-0.48148148148148207,0.15262014199002397
18,contains_reviews_page,18,-0.4696691176470589,-0.4492753623188408,0.15262014199002397
19,contains_reviews_page,19,-0.476454293628809,-0.4234875444839856,0.15262014199002397
20,contains_reviews_page,20,-0.47781885397412194,-0.4184397163120568,0.15262014199002397
21,contains_reviews_page,21,-0.45761166818596166,-0.4981273408239699,0.15262014199002397
22,contains_reviews_page,22,-0.4642857142857144,-0.47058823529411775,0.15262014199002397
23,contains_reviews_page,23,-0.4405405405405407,-0.5748031496062993,0.15262014199002397
24,contains_reviews_page,24,-0.4602739726027396,-0.48698884758364325,0.15262014199002397
25,contains_reviews_page,25,-0.45231607629427817,-0.5209125475285172,0.15262014199002397
26,contains_reviews_page,26,-0.4833024118738405,-0.39860139860139854,0.15262014199002397
27,contains_reviews_page,27,-0.4392439243924393,-0.5810276679841899,0.15262014199002397
28,contains_reviews_page,28,-0.46831955922865,-0.4545454545454546,0.15262014199002397
29,contains_reviews_page,29,-0.44705882352941173,-0.5444015444015442,0.15262014199002397
30,contains_reviews_page,30,-0.449682683590209,-0.532567049808429,0.15262014199002397
31,contains_reviews_page,31,-0.46697247706422007,-0.45985401459854014,0.15262014199002397
32,contains_reviews_page,32,-0.4642857142857142,-0.47058823529411775,0.15262014199002397
33,contains_reviews_page,33,-0.4805555555555556,-0.4084507042253518,0.15262014199002397
34,contains_reviews_page,34,-0.47781885397412194,-0.4184397163120568,0.15262014199002397
35,contains_reviews_page,35,-0.4431407942238268,-0.5625,0.15262014199002397
36,contains_reviews_page,36,-0.47918593894542116,-0.4134275618374563,0.15262014199002397
37,contains_reviews_page,37,-0.47373271889400903,-0.4336917562724012,0.15262014199002397
38,contains_reviews_page,38,-0.46831955922865,-0.4545454545454546,0.15262014199002397
39,contains_reviews_page,39,-0.44575045207956543,-0.5503875968992247,0.15262014199002397
40,contains_reviews_page,40,-0.48055555555555585,-0.408450704225352,0.15262014199002397
41,contains_reviews_page,41,-0.46160877513711207,-0.48148148148148207,0.15262014199002397
42,contains_reviews_page,42,-0.46294602012808816,-0.47601476014760125,0.15262014199002397
43,contains_reviews_page,43,-0.5,-0.34228187919463093,0.15262014199002397
44,contains_reviews_page,44,-0.4642857142857142,-0.47058823529411753,0.15262014199002397
45,contains_reviews_page,45,-0.47509225092250906,-0.4285714285714288,0.15262014199002397
46,contains_reviews_page,46,-0.4642857142857142,-0.47058823529411775,0.15262014199002397
47,contains_reviews_page,47,-0.4642857142857142,-0.47058823529411775,0.15262014199002397
48,contains_reviews_page,48,-0.46160877513711207,-0.48148148148148207,0.15262014199002397
49,contains_reviews_page,49,-0.45761166818596166,-0.4981273408239699,0.15262014199002397
0,contains_zipCode,0,-0.458941605839416,-0.4925373134328359,0.15262014199002397
1,contains_zipCode,1,-0.47237569060773477,-0.4388489208633095,0.15262014199002397
2,contains_zipCode,2,-0.4629460201280877,-0.4760147601476017,0.15262014199002397
3,contains_zipCode,3,-0.45628415300546443,-0.5037593984962403,0.15262014199002397
4,contains_zipCode,4,-0.47509225092250906,-0.4285714285714286,0.15262014199002397
5,contains_zipCode,5,-0.4860594795539033,-0.38888888888888906,0.15262014199002397
6,contains_zipCode,6,-0.47373271889400903,-0.4336917562724012,0.15262014199002397
7,contains_zipCode,7,-0.4656278643446381,-0.4652014652014651,0.15262014199002397
8,contains_zipCode,8,-0.47237569060773477,-0.4388489208633095,0.15262014199002397
9,contains_zipCode,9,-0.46697247706422007,-0.45985401459854014,0.15262014199002397
10,contains_zipCode,10,-0.45761166818596166,-0.4981273408239699,0.15262014199002397
11,contains_zipCode,11,-0.4589416058394158,-0.4925373134328359,0.15262014199002397
12,contains_zipCode,12,-0.45761166818596166,-0.4981273408239699,0.15262014199002397
13,contains_zipCode,13,-0.48055555555555585,-0.408450704225352,0.15262014199002397
14,contains_zipCode,14,-0.46160877513711207,-0.48148148148148207,0.15262014199002397
15,contains_zipCode,15,-0.4598576759023363,-0.48827550402353537,0.15262014199002397
16,contains_zipCode,16,-0.4710211591536335,-0.4440433212996391,0.15262014199002397
17,contains_zipCode,17,-0.4616087751371116,-0.48148148148148207,0.15262014199002397
18,contains_zipCode,18,-0.4696691176470589,-0.4492753623188408,0.15262014199002397
19,contains_zipCode,19,-0.476454293628809,-0.4234875444839856,0.15262014199002397
20,contains_zipCode,20,-0.47781885397412194,-0.4184397163120568,0.15262014199002397
21,contains_zipCode,21,-0.45180445038442385,-0.5206555715130523,0.15262014199002397
22,contains_zipCode,22,-0.4642857142857144,-0.47058823529411775,0.15262014199002397
23,contains_zipCode,23,-0.4405405405405407,-0.5748031496062993,0.15262014199002397
24,contains_zipCode,24,-0.4602739726027396,-0.48698884758364325,0.15262014199002397
25,contains_zipCode,25,-0.45231607629427817,-0.5209125475285172,0.15262014199002397
26,contains_zipCode,26,-0.4833024118738405,-0.39860139860139854,0.15262014199002397
27,contains_zipCode,27,-0.4392439243924393,-0.5810276679841899,0.15262014199002397
28,contains_zipCode,28,-0.46831955922865,-0.4545454545454546,0.15262014199002397
29,contains_zipCode,29,-0.44705882352941173,-0.5444015444015442,0.15262014199002397
30,contains_zipCode,30,-0.449682683590209,-0.532567049808429,0.15262014199002397
31,contains_zipCode,31,-0.46697247706422007,-0.45985401459854014,0.15262014199002397
32,contains_zipCode,32,-0.4642857142857142,-0.47058823529411775,0.15262014199002397
33,contains_zipCode,33,-0.4805555555555556,-0.4084507042253518,0.15262014199002397
34,contains_zipCode,34,-0.47781885397412194,-0.4184397163120568,0.15262014199002397
35,contains_zipCode,35,-0.4431407942238268,-0.5625,0.15262014199002397
36,contains_zipCode,36,-0.47918593894542116,-0.4134275618374563,0.15262014199002397
37,contains_zipCode,37,-0.47373271889400903,-0.4336917562724012,0.15262014199002397
38,contains_zipCode,38,-0.46831955922865,-0.4545454545454546,0.15262014199002397
39,contains_zipCode,39,-0.44575045207956543,-0.5503875968992247,0.15262014199002397
40,contains_zipCode,40,-0.48055555555555585,-0.408450704225352,0.15262014199002397
41,contains_zipCode,41,-0.46160877513711207,-0.48148148148148207,0.15262014199002397
42,contains_zipCode,42,-0.46294602012808816,-0.47601476014760125,0.15262014199002397
43,contains_zipCode,43,-0.5,-0.34228187919463093,0.15262014199002397
44,contains_zipCode,44,-0.4642857142857142,-0.47058823529411753,0.15262014199002397
45,contains_zipCode,45,-0.47509225092250906,-0.4285714285714288,0.15262014199002397
46,contains_zipCode,46,-0.4642857142857142,-0.47058823529411775,0.15262014199002397
47,contains_zipCode,47,-0.4642857142857142,-0.47058823529411775,0.15262014199002397
48,contains_zipCode,48,-0.46160877513711207,-0.48148148148148207,0.15262014199002397
49,contains_zipCode,49,-0.45761166818596166,-0.4981273408239699,0.15262014199002397
0,url_contains_email,0,-0.458941605839416,-0.4925373134328359,0.15262014199002397
1,url_contains_email,1,-0.47237569060773477,-0.4388489208633095,0.15262014199002397
2,url_contains_email,2,-0.4629460201280877,-0.4760147601476017,0.15262014199002397
3,url_contains_email,3,-0.45628415300546443,-0.5037593984962403,0.15262014199002397
4,url_contains_email,4,-0.47509225092250906,-0.4285714285714286,0.15262014199002397
5,url_contains_email,5,-0.4860594795539033,-0.38888888888888906,0.15262014199002397
6,url_contains_email,6,-0.47373271889400903,-0.4336917562724012,0.15262014199002397
7,url_contains_email,7,-0.4656278643446381,-0.4652014652014651,0.15262014199002397
8,url_contains_email,8,-0.47237569060773477,-0.4388489208633095,0.15262014199002397
9,url_contains_email,9,-0.46697247706422007,-0.45985401459854014,0.15262014199002397
10,url_contains_email,10,-0.45761166818596166,-0.4981273408239699,0.15262014199002397
11,url_contains_email,11,-0.4589416058394158,-0.4925373134328359,0.15262014199002397
12,url_contains_email,12,-0.45761166818596166,-0.4981273408239699,0.15262014199002397
13,url_contains_email,13,-0.48055555555555585,-0.408450704225352,0.15262014199002397
14,url_contains_email,14,-0.46160877513711207,-0.48148148148148207,0.15262014199002397
15,url_contains_email,15,-0.4656278643446381,-0.4652014652014651,0.15262014199002397
16,url_contains_email,16,-0.4710211591536335,-0.4440433212996391,0.15262014199002397
17,url_contains_email,17,-0.4616087751371116,-0.48148148148148207,0.15262014199002397
18,url_contains_email,18,-0.4696691176470589,-0.4492753623188408,0.15262014199002397
19,url_contains_email,19,-0.476454293628809,-0.4234875444839856,0.15262014199002397
20,url_contains_email,20,-0.47781885397412194,-0.4184397163120568,0.15262014199002397
21,url_contains_email,21,-0.45761166818596166,-0.4981273408239699,0.15262014199002397
22,url_contains_email,22,-0.4642857142857144,-0.47058823529411775,0.15262014199002397
23,url_contains_email,23,-0.4405405405405407,-0.5748031496062993,0.15262014199002397
24,url_contains_email,24,-0.4602739726027396,-0.48698884758364325,0.15262014199002397
25,url_contains_email,25,-0.45231607629427817,-0.5209125475285172,0.15262014199002397
26,url_contains_email,26,-0.4833024118738405,-0.39860139860139854,0.15262014199002397
27,url_contains_email,27,-0.4392439243924393,-0.5810276679841899,0.15262014199002397
28,url_contains_email,28,-0.46831955922865,-0.4545454545454546,0.15262014199002397
29,url_contains_email,29,-0.44705882352941173,-0.5444015444015442,0.15262014199002397
30,url_contains_email,30,-0.449682683590209,-0.532567049808429,0.15262014199002397
31,url_contains_email,31,-0.46697247706422007,-0.45985401459854014,0.15262014199002397
32,url_contains_email,32,-0.4642857142857142,-0.47058823529411775,0.15262014199002397
33,url_contains_email,33,-0.4805555555555556,-0.4084507042253518,0.15262014199002397
34,url_contains_email,34,-0.47781885397412194,-0.4184397163120568,0.15262014199002397
35,url_contains_email,35,-0.4431407942238268,-0.5625,0.15262014199002397
36,url_contains_email,36,-0.47918593894542116,-0.4134275618374563,0.15262014199002397
37,url_contains_email,37,-0.47373271889400903,-0.4336917562724012,0.15262014199002397
38,url_contains_email,38,-0.46831955922865,-0.4545454545454546,0.15262014199002397
39,url_contains_email,39,-0.44575045207956543,-0.5503875968992247,0.15262014199002397
40,url_contains_email,40,-0.48055555555555585,-0.408450704225352,0.15262014199002397
41,url_contains_email,41,-0.46160877513711207,-0.48148148148148207,0.15262014199002397
42,url_contains_email,42,-0.46294602012808816,-0.47601476014760125,0.15262014199002397
43,url_contains_email,43,-0.5,-0.34228187919463093,0.15262014199002397
44,url_contains_email,44,-0.4642857142857142,-0.47058823529411753,0.15262014199002397
45,url_contains_email,45,-0.47509225092250906,-0.4285714285714288,0.15262014199002397
46,url_contains_email,46,-0.4642857142857142,-0.47058823529411775,0.15262014199002397
47,url_contains_email,47,-0.4642857142857142,-0.47058823529411775,0.15262014199002397
48,url_contains_email,48,-0.46160877513711207,-0.48148148148148207,0.15262014199002397
49,url_contains_email,49,-0.45761166818596166,-0.4981273408239699,0.15262014199002397
0,url_contains_phone_number,0,-0.458941605839416,-0.4925373134328359,0.15262014199002397
1,url_contains_phone_number,1,-0.47237569060773477,-0.4388489208633095,0.15262014199002397
2,url_contains_phone_number,2,-0.4629460201280877,-0.4760147601476017,0.15262014199002397
3,url_contains_phone_number,3,-0.45628415300546443,-0.5037593984962403,0.15262014199002397
4,url_contains_phone_number,4,-0.47509225092250906,-0.4285714285714286,0.15262014199002397
5,url_contains_phone_number,5,-0.4860594795539033,-0.38888888888888906,0.15262014199002397
6,url_contains_phone_number,6,-0.47373271889400903,-0.4336917562724012,0.15262014199002397
7,url_contains_phone_number,7,-0.4656278643446381,-0.4652014652014651,0.15262014199002397
8,url_contains_phone_number,8,-0.47237569060773477,-0.4388489208633095,0.15262014199002397
9,url_contains_phone_number,9,-0.46697247706422007,-0.45985401459854014,0.15262014199002397
10,url_contains_phone_number,10,-0.45761166818596166,-0.4981273408239699,0.15262014199002397
11,url_contains_phone_number,11,-0.4589416058394158,-0.4925373134328359,0.15262014199002397
12,url_contains_phone_number,12,-0.45761166818596166,-0.4981273408239699,0.15262014199002397
13,url_contains_phone_number,13,-0.48055555555555585,-0.408450704225352,0.15262014199002397
14,url_contains_phone_number,14,-0.46160877513711207,-0.48148148148148207,0.15262014199002397
15,url_contains_phone_number,15,-0.4656278643446381,-0.4652014652014651,0.15262014199002397
16,url_contains_phone_number,16,-0.4710211591536335,-0.4440433212996391,0.15262014199002397
17,url_contains_phone_number,17,-0.4616087751371116,-0.48148148148148207,0.15262014199002397
18,url_contains_phone_number,18,-0.4696691176470589,-0.4492753623188408,0.15262014199002397
19,url_contains_phone_number,19,-0.476454293628809,-0.4234875444839856,0.15262014199002397
20,url_contains_phone_number,20,-0.47781885397412194,-0.4184397163120568,0.15262014199002397
21,url_contains_phone_number,21,-0.45761166818596166,-0.4981273408239699,0.15262014199002397
22,url_contains_phone_number,22,-0.4642857142857144,-0.47058823529411775,0.15262014199002397
23,url_contains_phone_number,23,-0.4405405405405407,-0.5748031496062993,0.15262014199002397
24,url_contains_phone_number,24,-0.4602739726027396,-0.48698884758364325,0.15262014199002397
25,url_contains_phone_number,25,-0.45231607629427817,-0.5209125475285172,0.15262014199002397
26,url_contains_phone_number,26,-0.4833024118738405,-0.39860139860139854,0.15262014199002397
27,url_contains_phone_number,27,-0.4392439243924393,-0.5810276679841899,0.15262014199002397
28,url_contains_phone_number,28,-0.46831955922865,-0.4545454545454546,0.15262014199002397
29,url_contains_phone_number,29,-0.44705882352941173,-0.5444015444015442,0.15262014199002397
30,url_contains_phone_number,30,-0.449682683590209,-0.532567049808429,0.15262014199002397
31,url_contains_phone_number,31,-0.46697247706422007,-0.45985401459854014,0.15262014199002397
32,url_contains_phone_number,32,-0.4642857142857142,-0.47058823529411775,0.15262014199002397
33,url_contains_phone_number,33,-0.4805555555555556,-0.4084507042253518,0.15262014199002397
34,url_contains_phone_number,34,-0.47781885397412194,-0.4184397163120568,0.15262014199002397
35,url_contains_phone_number,35,-0.4431407942238268,-0.5625,0.15262014199002397
36,url_contains_phone_number,36,-0.47918593894542116,-0.4134275618374563,0.15262014199002397
37,url_contains_phone_number,37,-0.47373271889400903,-0.4336917562724012,0.15262014199002397
38,url_contains_phone_number,38,-0.46831955922865,-0.4545454545454546,0.15262014199002397
39,url_contains_phone_number,39,-0.44575045207956543,-0.5503875968992247,0.15262014199002397
40,url_contains_phone_number,40,-0.48055555555555585,-0.408450704225352,0.15262014199002397
41,url_contains_phone_number,41,-0.46160877513711207,-0.48148148148148207,0.15262014199002397
42,url_contains_phone_number,42,-0.46294602012808816,-0.47601476014760125,0.15262014199002397
43,url_contains_phone_number,43,-0.5,-0.34228187919463093,0.15262014199002397
44,url_contains_phone_number,44,-0.4642857142857142,-0.47058823529411753,0.15262014199002397
45,url_contains_phone_number,45,-0.47509225092250906,-0.4285714285714288,0.15262014199002397
46,url_contains_phone_number,46,-0.4642857142857142,-0.47058823529411775,0.15262014199002397
47,url_contains_phone_number,47,-0.4642857142857142,-0.47058823529411775,0.15262014199002397
48,url_contains_phone_number,48,-0.46160877513711207,-0.48148148148148207,0.15262014199002397
49,url_contains_phone_number,49,-0.45761166818596166,-0.4981273408239699,0.15262014199002397
0,BBBRatingScore,0,-0.458941605839416,-0.4925373134328359,0.15262014199002397
1,BBBRatingScore,1,-0.47237569060773477,-0.4388489208633095,0.15262014199002397
2,BBBRatingScore,2,-0.4629460201280877,-0.4760147601476017,0.15262014199002397
3,BBBRatingScore,3,-0.45628415300546443,-0.5037593984962403,0.15262014199002397
4,BBBRatingScore,4,-0.47509225092250906,-0.4285714285714286,0.15262014199002397
5,BBBRatingScore,5,-0.4860594795539033,-0.38888888888888906,0.15262014199002397
6,BBBRatingScore,6,-0.47373271889400903,-0.4336917562724012,0.15262014199002397
7,BBBRatingScore,7,-0.4656278643446381,-0.4652014652014651,0.15262014199002397
8,BBBRatingScore,8,-0.47237569060773477,-0.4388489208633095,0.15262014199002397
9,BBBRatingScore,9,-0.46697247706422007,-0.45985401459854014,0.15262014199002397
10,BBBRatingScore,10,-0.45761166818596166,-0.4981273408239699,0.15262014199002397
11,BBBRatingScore,11,-0.4589416058394158,-0.4925373134328359,0.15262014199002397
12,BBBRatingScore,12,-0.45761166818596166,-0.4981273408239699,0.15262014199002397
13,BBBRatingScore,13,-0.48055555555555585,-0.408450704225352,0.15262014199002397
14,BBBRatingScore,14,-0.46160877513711207,-0.48148148148148207,0.15262014199002397
15,BBBRatingScore,15,-0.4656278643446381,-0.4652014652014651,0.15262014199002397
16,BBBRatingScore,16,-0.4710211591536335,-0.4440433212996391,0.15262014199002397
17,BBBRatingScore,17,-0.4616087751371116,-0.48148148148148207,0.15262014199002397
18,BBBRatingScore,18,-0.4696691176470589,-0.4492753623188408,0.15262014199002397
19,BBBRatingScore,19,-0.476454293628809,-0.4234875444839856,0.15262014199002397
20,BBBRatingScore,20,-0.47781885397412194,-0.4184397163120568,0.15262014199002397
21,BBBRatingScore,21,-0.45761166818596166,-0.4981273408239699,0.15262014199002397
22,BBBRatingScore,22,-0.4642857142857144,-0.47058823529411775,0.15262014199002397
23,BBBRatingScore,23,-0.4405405405405407,-0.5748031496062993,0.15262014199002397
24,BBBRatingScore,24,-0.4602739726027396,-0.48698884758364325,0.15262014199002397
25,BBBRatingScore,25,-0.45231607629427817,-0.5209125475285172,0.15262014199002397
26,BBBRatingScore,26,-0.4833024118738405,-0.39860139860139854,0.15262014199002397
27,BBBRatingScore,27,-0.4392439243924393,-0.5810276679841899,0.15262014199002397
28,BBBRatingScore,28,-0.46831955922865,-0.4545454545454546,0.15262014199002397
29,BBBRatingScore,29,-0.44705882352941173,-0.5444015444015442,0.15262014199002397
30,BBBRatingScore,30,-0.449682683590209,-0.532567049808429,0.15262014199002397
31,BBBRatingScore,31,-0.46697247706422007,-0.45985401459854014,0.15262014199002397
32,BBBRatingScore,32,-0.4642857142857142,-0.47058823529411775,0.15262014199002397
33,BBBRatingScore,33,-0.4805555555555556,-0.4084507042253518,0.15262014199002397
34,BBBRatingScore,34,-0.47781885397412194,-0.4184397163120568,0.15262014199002397
35,BBBRatingScore,35,-0.4431407942238268,-0.5625,0.15262014199002397
36,BBBRatingScore,36,-0.47918593894542116,-0.4134275618374563,0.15262014199002397
37,BBBRatingScore,37,-0.47373271889400903,-0.4336917562724012,0.15262014199002397
38,BBBRatingScore,38,-0.46831955922865,-0.4545454545454546,0.15262014199002397
39,BBBRatingScore,39,-0.44575045207956543,-0.5503875968992247,0.15262014199002397
40,BBBRatingScore,40,-0.48055555555555585,-0.408450704225352,0.15262014199002397
41,BBBRatingScore,41,-0.46160877513711207,-0.48148148148148207,0.15262014199002397
42,BBBRatingScore,42,-0.46294602012808816,-0.47601476014760125,0.15262014199002397
43,BBBRatingScore,43,-0.5,-0.34228187919463093,0.15262014199002397
44,BBBRatingScore,44,-0.4642857142857142,-0.47058823529411753,0.15262014199002397
45,BBBRatingScore,45,-0.47509225092250906,-0.4285714285714288,0.15262014199002397
46,BBBRatingScore,46,-0.4642857142857142,-0.47058823529411775,0.15262014199002397
47,BBBRatingScore,47,-0.4642857142857142,-0.47058823529411775,0.15262014199002397
48,BBBRatingScore,48,-0.46160877513711207,-0.48148148148148207,0.15262014199002397
49,BBBRatingScore,49,-0.45761166818596166,-0.4981273408239699,0.15262014199002397
0,IsHQ,0,-0.458941605839416,-0.4925373134328359,0.15262014199002397
1,IsHQ,1,-0.47237569060773477,-0.4388489208633095,0.15262014199002397
2,IsHQ,2,-0.4629460201280877,-0.4760147601476017,0.15262014199002397
3,IsHQ,3,-0.45628415300546443,-0.5037593984962403,0.15262014199002397
4,IsHQ,4,-0.47509225092250906,-0.4285714285714286,0.15262014199002397
5,IsHQ,5,-0.4860594795539033,-0.38888888888888906,0.15262014199002397
6,IsHQ,6,-0.47373271889400903,-0.4336917562724012,0.15262014199002397
7,IsHQ,7,-0.4656278643446381,-0.4652014652014651,0.15262014199002397
8,IsHQ,8,-0.47237569060773477,-0.4388489208633095,0.15262014199002397
9,IsHQ,9,-0.46697247706422007,-0.45985401459854014,0.15262014199002397
10,IsHQ,10,-0.45761166818596166,-0.4981273408239699,0.15262014199002397
11,IsHQ,11,-0.4589416058394158,-0.4925373134328359,0.15262014199002397
12,IsHQ,12,-0.45761166818596166,-0.4981273408239699,0.15262014199002397
13,IsHQ,13,-0.48055555555555585,-0.408450704225352,0.15262014199002397
14,IsHQ,14,-0.46160877513711207,-0.48148148148148207,0.15262014199002397
15,IsHQ,15,-0.4656278643446381,-0.4652014652014651,0.15262014199002397
16,IsHQ,16,-0.4710211591536335,-0.4440433212996391,0.15262014199002397
17,IsHQ,17,-0.4616087751371116,-0.48148148148148207,0.15262014199002397
18,IsHQ,18,-0.4696691176470589,-0.4492753623188408,0.15262014199002397
19,IsHQ,19,-0.476454293628809,-0.4234875444839856,0.15262014199002397
20,IsHQ,20,-0.47781885397412194,-0.4184397163120568,0.15262014199002397
21,IsHQ,21,-0.45761166818596166,-0.4981273408239699,0.15262014199002397
22,IsHQ,22,-0.4642857142857144,-0.47058823529411775,0.15262014199002397
23,IsHQ,23,-0.4405405405405407,-0.5748031496062993,0.15262014199002397
24,IsHQ,24,-0.4602739726027396,-0.48698884758364325,0.15262014199002397
25,IsHQ,25,-0.45231607629427817,-0.5209125475285172,0.15262014199002397
26,IsHQ,26,-0.4833024118738405,-0.39860139860139854,0.15262014199002397
27,IsHQ,27,-0.4392439243924393,-0.5810276679841899,0.15262014199002397
28,IsHQ,28,-0.46831955922865,-0.4545454545454546,0.15262014199002397
29,IsHQ,29,-0.44705882352941173,-0.5444015444015442,0.15262014199002397
30,IsHQ,30,-0.449682683590209,-0.532567049808429,0.15262014199002397
31,IsHQ,31,-0.46697247706422007,-0.45985401459854014,0.15262014199002397
32,IsHQ,32,-0.4642857142857142,-0.47058823529411775,0.15262014199002397
33,IsHQ,33,-0.4805555555555556,-0.4084507042253518,0.15262014199002397
34,IsHQ,34,-0.47781885397412194,-0.4184397163120568,0.15262014199002397
35,IsHQ,35,-0.4431407942238268,-0.5625,0.15262014199002397
36,IsHQ,36,-0.47918593894542116,-0.4134275618374563,0.15262014199002397
37,IsHQ,37,-0.47373271889400903,-0.4336917562724012,0.15262014199002397
38,IsHQ,38,-0.46831955922865,-0.4545454545454546,0.15262014199002397
39,IsHQ,39,-0.44575045207956543,-0.5503875968992247,0.15262014199002397
40,IsHQ,40,-0.48055555555555585,-0.408450704225352,0.15262014199002397
41,IsHQ,41,-0.46160877513711207,-0.48148148148148207,0.15262014199002397
42,IsHQ,42,-0.46294602012808816,-0.47601476014760125,0.15262014199002397
43,IsHQ,43,-0.5,-0.34228187919463093,0.15262014199002397
44,IsHQ,44,-0.4642857142857142,-0.47058823529411753,0.15262014199002397
45,IsHQ,45,-0.47509225092250906,-0.4285714285714288,0.15262014199002397
46,IsHQ,46,-0.4642857142857142,-0.47058823529411775,0.15262014199002397
47,IsHQ,47,-0.4642857142857142,-0.47058823529411775,0.15262014199002397
48,IsHQ,48,-0.46160877513711207,-0.48148148148148207,0.15262014199002397
49,IsHQ,49,-0.45761166818596166,-0.4981273408239699,0.15262014199002397
0,IsCharity,0,-0.458941605839416,-0.4925373134328359,0.15262014199002397
1,IsCharity,1,-0.47237569060773477,-0.4388489208633095,0.15262014199002397
2,IsCharity,2,-0.4629460201280877,-0.4760147601476017,0.15262014199002397
3,IsCharity,3,-0.45628415300546443,-0.5037593984962403,0.15262014199002397
4,IsCharity,4,-0.47509225092250906,-0.4285714285714286,0.15262014199002397
5,IsCharity,5,-0.4860594795539033,-0.38888888888888906,0.15262014199002397
6,IsCharity,6,-0.47373271889400903,-0.4336917562724012,0.15262014199002397
7,IsCharity,7,-0.4656278643446381,-0.4652014652014651,0.15262014199002397
8,IsCharity,8,-0.47237569060773477,-0.4388489208633095,0.15262014199002397
9,IsCharity,9,-0.46697247706422007,-0.45985401459854014,0.15262014199002397
10,IsCharity,10,-0.45761166818596166,-0.4981273408239699,0.15262014199002397
11,IsCharity,11,-0.4589416058394158,-0.4925373134328359,0.15262014199002397
12,IsCharity,12,-0.45761166818596166,-0.4981273408239699,0.15262014199002397
13,IsCharity,13,-0.48055555555555585,-0.408450704225352,0.15262014199002397
14,IsCharity,14,-0.46160877513711207,-0.48148148148148207,0.15262014199002397
15,IsCharity,15,-0.4656278643446381,-0.4652014652014651,0.15262014199002397
16,IsCharity,16,-0.4710211591536335,-0.4440433212996391,0.15262014199002397
17,IsCharity,17,-0.4616087751371116,-0.48148148148148207,0.15262014199002397
18,IsCharity,18,-0.4696691176470589,-0.4492753623188408,0.15262014199002397
19,IsCharity,19,-0.476454293628809,-0.4234875444839856,0.15262014199002397
20,IsCharity,20,-0.47781885397412194,-0.4184397163120568,0.15262014199002397
21,IsCharity,21,-0.45761166818596166,-0.4981273408239699,0.15262014199002397
22,IsCharity,22,-0.4642857142857144,-0.47058823529411775,0.15262014199002397
23,IsCharity,23,-0.4405405405405407,-0.5748031496062993,0.15262014199002397
24,IsCharity,24,-0.4602739726027396,-0.48698884758364325,0.15262014199002397
25,IsCharity,25,-0.45231607629427817,-0.5209125475285172,0.15262014199002397
26,IsCharity,26,-0.4833024118738405,-0.39860139860139854,0.15262014199002397
27,IsCharity,27,-0.4392439243924393,-0.5810276679841899,0.15262014199002397
28,IsCharity,28,-0.46831955922865,-0.4545454545454546,0.15262014199002397
29,IsCharity,29,-0.44705882352941173,-0.5444015444015442,0.15262014199002397
30,IsCharity,30,-0.449682683590209,-0.532567049808429,0.15262014199002397
31,IsCharity,31,-0.46697247706422007,-0.45985401459854014,0.15262014199002397
32,IsCharity,32,-0.4642857142857142,-0.47058823529411775,0.15262014199002397
33,IsCharity,33,-0.4805555555555556,-0.4084507042253518,0.15262014199002397
34,IsCharity,34,-0.47781885397412194,-0.4184397163120568,0.15262014199002397
35,IsCharity,35,-0.4431407942238268,-0.5625,0.15262014199002397
36,IsCharity,36,-0.47918593894542116,-0.4134275618374563,0.15262014199002397
37,IsCharity,37,-0.47373271889400903,-0.4336917562724012,0.15262014199002397
38,IsCharity,38,-0.46831955922865,-0.4545454545454546,0.15262014199002397
39,IsCharity,39,-0.44575045207956543,-0.5503875968992247,0.15262014199002397
40,IsCharity,40,-0.48055555555555585,-0.408450704225352,0.15262014199002397
41,IsCharity,41,-0.46160877513711207,-0.48148148148148207,0.15262014199002397
42,IsCharity,42,-0.46294602012808816,-0.47601476014760125,0.15262014199002397
43,IsCharity,43,-0.5,-0.34228187919463093,0.15262014199002397
44,IsCharity,44,-0.4642857142857142,-0.47058823529411753,0.15262014199002397
45,IsCharity,45,-0.47509225092250906,-0.4285714285714288,0.15262014199002397
46,IsCharity,46,-0.4642857142857142,-0.47058823529411775,0.15262014199002397
47,IsCharity,47,-0.4642857142857142,-0.47058823529411775,0.15262014199002397
48,IsCharity,48,-0.46160877513711207,-0.48148148148148207,0.15262014199002397
49,IsCharity,49,-0.45761166818596166,-0.4981273408239699,0.15262014199002397
0,IsBBBAccredited,0,-0.458941605839416,-0.4925373134328359,0.15262014199002397
1,IsBBBAccredited,1,-0.47237569060773477,-0.4388489208633095,0.15262014199002397
2,IsBBBAccredited,2,-0.4629460201280877,-0.4760147601476017,0.15262014199002397
3,IsBBBAccredited,3,-0.45628415300546443,-0.5037593984962403,0.15262014199002397
4,IsBBBAccredited,4,-0.47509225092250906,-0.4285714285714286,0.15262014199002397
5,IsBBBAccredited,5,-0.4860594795539033,-0.38888888888888906,0.15262014199002397
6,IsBBBAccredited,6,-0.47373271889400903,-0.4336917562724012,0.15262014199002397
7,IsBBBAccredited,7,-0.4656278643446381,-0.4652014652014651,0.15262014199002397
8,IsBBBAccredited,8,-0.47237569060773477,-0.4388489208633095,0.15262014199002397
9,IsBBBAccredited,9,-0.46697247706422007,-0.45985401459854014,0.15262014199002397
10,IsBBBAccredited,10,-0.45761166818596166,-0.4981273408239699,0.15262014199002397
11,IsBBBAccredited,11,-0.4589416058394158,-0.4925373134328359,0.15262014199002397
12,IsBBBAccredited,12,-0.45761166818596166,-0.4981273408239699,0.15262014199002397
13,IsBBBAccredited,13,-0.48055555555555585,-0.408450704225352,0.15262014199002397
14,IsBBBAccredited,14,-0.46160877513711207,-0.48148148148148207,0.15262014199002397
15,IsBBBAccredited,15,-0.4656278643446381,-0.4652014652014651,0.15262014199002397
16,IsBBBAccredited,16,-0.4710211591536335,-0.4440433212996391,0.15262014199002397
17,IsBBBAccredited,17,-0.4616087751371116,-0.48148148148148207,0.15262014199002397
18,IsBBBAccredited,18,-0.4696691176470589,-0.4492753623188408,0.15262014199002397
19,IsBBBAccredited,19,-0.476454293628809,-0.4234875444839856,0.15262014199002397
20,IsBBBAccredited,20,-0.47781885397412194,-0.4184397163120568,0.15262014199002397
21,IsBBBAccredited,21,-0.45761166818596166,-0.4981273408239699,0.15262014199002397
22,IsBBBAccredited,22,-0.4642857142857144,-0.47058823529411775,0.15262014199002397
23,IsBBBAccredited,23,-0.4405405405405407,-0.5748031496062993,0.15262014199002397
24,IsBBBAccredited,24,-0.4602739726027396,-0.48698884758364325,0.15262014199002397
25,IsBBBAccredited,25,-0.45231607629427817,-0.5209125475285172,0.15262014199002397
26,IsBBBAccredited,26,-0.4833024118738405,-0.39860139860139854,0.15262014199002397
27,IsBBBAccredited,27,-0.4392439243924393,-0.5810276679841899,0.15262014199002397
28,IsBBBAccredited,28,-0.46831955922865,-0.4545454545454546,0.15262014199002397
29,IsBBBAccredited,29,-0.44705882352941173,-0.5444015444015442,0.15262014199002397
30,IsBBBAccredited,30,-0.449682683590209,-0.532567049808429,0.15262014199002397
31,IsBBBAccredited,31,-0.46697247706422007,-0.45985401459854014,0.15262014199002397
32,IsBBBAccredited,32,-0.4642857142857142,-0.47058823529411775,0.15262014199002397
33,IsBBBAccredited,33,-0.4805555555555556,-0.4084507042253518,0.15262014199002397
34,IsBBBAccredited,34,-0.47781885397412194,-0.4184397163120568,0.15262014199002397
35,IsBBBAccredited,35,-0.4431407942238268,-0.5625,0.15262014199002397
36,IsBBBAccredited,36,-0.47918593894542116,-0.4134275618374563,0.15262014199002397
37,IsBBBAccredited,37,-0.47373271889400903,-0.4336917562724012,0.15262014199002397
38,IsBBBAccredited,38,-0.46831955922865,-0.4545454545454546,0.15262014199002397
39,IsBBBAccredited,39,-0.44575045207956543,-0.5503875968992247,0.15262014199002397
40,IsBBBAccredited,40,-0.48055555555555585,-0.408450704225352,0.15262014199002397
41,IsBBBAccredited,41,-0.46160877513711207,-0.48148148148148207,0.15262014199002397
42,IsBBBAccredited,42,-0.46294602012808816,-0.47601476014760125,0.15262014199002397
43,IsBBBAccredited,43,-0.5,-0.34228187919463093,0.15262014199002397
44,IsBBBAccredited,44,-0.4642857142857142,-0.47058823529411753,0.15262014199002397
45,IsBBBAccredited,45,-0.47509225092250906,-0.4285714285714288,0.15262014199002397
46,IsBBBAccredited,46,-0.4642857142857142,-0.47058823529411775,0.15262014199002397
47,IsBBBAccredited,47,-0.4642857142857142,-0.47058823529411775,0.15262014199002397
48,IsBBBAccredited,48,-0.46160877513711207,-0.48148148148148207,0.15262014199002397
49,IsBBBAccredited,49,-0.45761166818596166,-0.4981273408239699,0.15262014199002397
